regime,layer_id,head_id,selected_window_idx,selected_window_size,pre_clamp_window_idx,final_window_idx,final_window_size,ACR
full_adaptive,0,0,2,2048,3,2,2048,1.0
full_adaptive,0,1,2,2048,3,2,2048,1.0
full_adaptive,0,2,2,2048,3,2,2048,1.0
full_adaptive,0,3,2,2048,3,2,2048,1.0
full_adaptive,0,4,2,2048,3,2,2048,1.0
full_adaptive,0,5,2,2048,3,2,2048,1.0
full_adaptive,0,6,2,2048,3,2,2048,1.0
full_adaptive,0,7,2,2048,3,2,2048,1.0
full_adaptive,0,8,2,2048,3,2,2048,1.0
full_adaptive,0,9,2,2048,3,2,2048,1.0
full_adaptive,0,10,2,2048,3,2,2048,1.0
full_adaptive,0,11,2,2048,3,2,2048,1.0
full_adaptive,0,12,2,2048,3,2,2048,1.0
full_adaptive,0,13,2,2048,3,2,2048,1.0
full_adaptive,0,14,2,2048,3,2,2048,1.0
full_adaptive,0,15,2,2048,3,2,2048,1.0
full_adaptive,0,16,2,2048,3,2,2048,1.0
full_adaptive,0,17,2,2048,3,2,2048,1.0
full_adaptive,0,18,2,2048,3,2,2048,1.0
full_adaptive,0,19,2,2048,3,2,2048,1.0
full_adaptive,0,20,2,2048,3,2,2048,1.0
full_adaptive,0,21,2,2048,3,2,2048,1.0
full_adaptive,0,22,2,2048,3,2,2048,1.0
full_adaptive,0,23,2,2048,3,2,2048,1.0
full_adaptive,0,24,2,2048,3,2,2048,1.0
full_adaptive,0,25,2,2048,3,2,2048,1.0
full_adaptive,0,26,2,2048,3,2,2048,1.0
full_adaptive,0,27,2,2048,3,2,2048,1.0
full_adaptive,0,28,2,2048,3,2,2048,1.0
full_adaptive,0,29,2,2048,3,2,2048,1.0
full_adaptive,0,30,2,2048,3,2,2048,1.0
full_adaptive,0,31,2,2048,3,2,2048,1.0
full_adaptive,1,0,2,2048,3,2,2048,1.0
full_adaptive,1,1,2,2048,3,2,2048,1.0
full_adaptive,1,2,2,2048,3,2,2048,1.0
full_adaptive,1,3,2,2048,3,2,2048,1.0
full_adaptive,1,4,2,2048,3,2,2048,1.0
full_adaptive,1,5,2,2048,3,2,2048,1.0
full_adaptive,1,6,2,2048,3,2,2048,1.0
full_adaptive,1,7,2,2048,3,2,2048,1.0
full_adaptive,1,8,2,2048,3,2,2048,1.0
full_adaptive,1,9,2,2048,3,2,2048,1.0
full_adaptive,1,10,2,2048,3,2,2048,1.0
full_adaptive,1,11,2,2048,3,2,2048,1.0
full_adaptive,1,12,2,2048,3,2,2048,1.0
full_adaptive,1,13,2,2048,3,2,2048,1.0
full_adaptive,1,14,2,2048,3,2,2048,1.0
full_adaptive,1,15,2,2048,3,2,2048,1.0
full_adaptive,1,16,2,2048,3,2,2048,1.0
full_adaptive,1,17,2,2048,3,2,2048,1.0
full_adaptive,1,18,2,2048,3,2,2048,1.0
full_adaptive,1,19,2,2048,3,2,2048,1.0
full_adaptive,1,20,2,2048,3,2,2048,1.0
full_adaptive,1,21,2,2048,3,2,2048,1.0
full_adaptive,1,22,2,2048,3,2,2048,1.0
full_adaptive,1,23,2,2048,3,2,2048,1.0
full_adaptive,1,24,2,2048,3,2,2048,1.0
full_adaptive,1,25,2,2048,3,2,2048,1.0
full_adaptive,1,26,2,2048,3,2,2048,1.0
full_adaptive,1,27,2,2048,3,2,2048,1.0
full_adaptive,1,28,2,2048,3,2,2048,1.0
full_adaptive,1,29,2,2048,3,2,2048,1.0
full_adaptive,1,30,2,2048,3,2,2048,1.0
full_adaptive,1,31,2,2048,3,2,2048,1.0
full_adaptive,2,0,2,2048,3,2,2048,1.0
full_adaptive,2,1,2,2048,3,2,2048,1.0
full_adaptive,2,2,2,2048,3,2,2048,1.0
full_adaptive,2,3,2,2048,3,2,2048,1.0
full_adaptive,2,4,2,2048,3,2,2048,1.0
full_adaptive,2,5,2,2048,3,2,2048,1.0
full_adaptive,2,6,2,2048,3,2,2048,1.0
full_adaptive,2,7,2,2048,3,2,2048,1.0
full_adaptive,2,8,2,2048,3,2,2048,1.0
full_adaptive,2,9,2,2048,3,2,2048,1.0
full_adaptive,2,10,2,2048,3,2,2048,1.0
full_adaptive,2,11,2,2048,3,2,2048,1.0
full_adaptive,2,12,2,2048,3,2,2048,1.0
full_adaptive,2,13,2,2048,3,2,2048,1.0
full_adaptive,2,14,2,2048,3,2,2048,1.0
full_adaptive,2,15,2,2048,3,2,2048,1.0
full_adaptive,2,16,1,1024,0,1,1024,1.0
full_adaptive,2,17,1,1024,0,1,1024,1.0
full_adaptive,2,18,1,1024,0,1,1024,1.0
full_adaptive,2,19,1,1024,0,1,1024,1.0
full_adaptive,2,20,1,1024,3,1,1024,1.0
full_adaptive,2,21,1,1024,3,1,1024,1.0
full_adaptive,2,22,2,2048,3,2,2048,1.0
full_adaptive,2,23,2,2048,3,2,2048,1.0
full_adaptive,2,24,2,2048,3,2,2048,1.0
full_adaptive,2,25,2,2048,3,2,2048,1.0
full_adaptive,2,26,2,2048,3,2,2048,1.0
full_adaptive,2,27,2,2048,3,2,2048,1.0
full_adaptive,2,28,1,1024,0,1,1024,1.0
full_adaptive,2,29,1,1024,0,1,1024,1.0
full_adaptive,2,30,1,1024,0,1,1024,1.0
full_adaptive,2,31,1,1024,0,1,1024,1.0
full_adaptive,3,0,1,1024,2,1,1024,1.0
full_adaptive,3,1,1,1024,2,1,1024,1.0
full_adaptive,3,2,1,1024,2,1,1024,1.0
full_adaptive,3,3,1,1024,2,1,1024,1.0
full_adaptive,3,4,1,1024,2,1,1024,1.0
full_adaptive,3,5,1,1024,2,1,1024,1.0
full_adaptive,3,6,1,1024,2,1,1024,1.0
full_adaptive,3,7,1,1024,2,1,1024,1.0
full_adaptive,3,8,1,1024,2,1,1024,1.0
full_adaptive,3,9,1,1024,2,1,1024,1.0
full_adaptive,3,10,1,1024,2,1,1024,1.0
full_adaptive,3,11,1,1024,2,1,1024,1.0
full_adaptive,3,12,1,1024,2,1,1024,1.0
full_adaptive,3,13,1,1024,2,1,1024,1.0
full_adaptive,3,14,1,1024,0,1,1024,1.0
full_adaptive,3,15,1,1024,0,1,1024,1.0
full_adaptive,3,16,1,1024,2,1,1024,1.0
full_adaptive,3,17,1,1024,2,1,1024,1.0
full_adaptive,3,18,1,1024,2,1,1024,1.0
full_adaptive,3,19,1,1024,2,1,1024,1.0
full_adaptive,3,20,1,1024,0,1,1024,1.0
full_adaptive,3,21,1,1024,0,1,1024,1.0
full_adaptive,3,22,0,512,0,0,512,1.0
full_adaptive,3,23,0,512,0,0,512,1.0
full_adaptive,3,24,0,512,0,0,512,1.0
full_adaptive,3,25,0,512,0,0,512,1.0
full_adaptive,3,26,0,512,0,0,512,1.0
full_adaptive,3,27,0,512,0,0,512,1.0
full_adaptive,3,28,0,512,0,0,512,1.0
full_adaptive,3,29,0,512,0,0,512,1.0
full_adaptive,3,30,0,512,0,0,512,1.0
full_adaptive,3,31,0,512,0,0,512,1.0
full_adaptive,4,0,2,2048,3,2,2048,1.0
full_adaptive,4,1,2,2048,3,2,2048,1.0
full_adaptive,4,2,2,2048,3,2,2048,1.0
full_adaptive,4,3,2,2048,3,2,2048,1.0
full_adaptive,4,4,2,2048,3,2,2048,1.0
full_adaptive,4,5,2,2048,3,2,2048,1.0
full_adaptive,4,6,2,2048,3,2,2048,1.0
full_adaptive,4,7,2,2048,3,2,2048,1.0
full_adaptive,4,8,2,2048,3,2,2048,1.0
full_adaptive,4,9,2,2048,3,2,2048,1.0
full_adaptive,4,10,2,2048,3,2,2048,1.0
full_adaptive,4,11,2,2048,3,2,2048,1.0
full_adaptive,4,12,2,2048,3,2,2048,1.0
full_adaptive,4,13,2,2048,3,2,2048,1.0
full_adaptive,4,14,2,2048,3,2,2048,1.0
full_adaptive,4,15,2,2048,3,2,2048,1.0
full_adaptive,4,16,2,2048,3,2,2048,1.0
full_adaptive,4,17,2,2048,3,2,2048,1.0
full_adaptive,4,18,2,2048,3,2,2048,1.0
full_adaptive,4,19,2,2048,3,2,2048,1.0
full_adaptive,4,20,2,2048,3,2,2048,1.0
full_adaptive,4,21,2,2048,3,2,2048,1.0
full_adaptive,4,22,2,2048,3,2,2048,1.0
full_adaptive,4,23,2,2048,3,2,2048,1.0
full_adaptive,4,24,2,2048,3,2,2048,1.0
full_adaptive,4,25,2,2048,3,2,2048,1.0
full_adaptive,4,26,2,2048,3,2,2048,1.0
full_adaptive,4,27,2,2048,3,2,2048,1.0
full_adaptive,4,28,2,2048,3,2,2048,1.0
full_adaptive,4,29,2,2048,3,2,2048,1.0
full_adaptive,4,30,2,2048,3,2,2048,1.0
full_adaptive,4,31,2,2048,3,2,2048,1.0
full_adaptive,5,0,2,2048,3,2,2048,1.0
full_adaptive,5,1,2,2048,3,2,2048,1.0
full_adaptive,5,2,2,2048,3,2,2048,1.0
full_adaptive,5,3,2,2048,3,2,2048,1.0
full_adaptive,5,4,2,2048,3,2,2048,1.0
full_adaptive,5,5,2,2048,3,2,2048,1.0
full_adaptive,5,6,2,2048,3,2,2048,1.0
full_adaptive,5,7,2,2048,3,2,2048,1.0
full_adaptive,5,8,2,2048,3,2,2048,1.0
full_adaptive,5,9,2,2048,3,2,2048,1.0
full_adaptive,5,10,2,2048,3,2,2048,1.0
full_adaptive,5,11,2,2048,3,2,2048,1.0
full_adaptive,5,12,2,2048,3,2,2048,1.0
full_adaptive,5,13,2,2048,3,2,2048,1.0
full_adaptive,5,14,2,2048,3,2,2048,1.0
full_adaptive,5,15,2,2048,3,2,2048,1.0
full_adaptive,5,16,2,2048,3,2,2048,1.0
full_adaptive,5,17,2,2048,3,2,2048,1.0
full_adaptive,5,18,2,2048,3,2,2048,1.0
full_adaptive,5,19,2,2048,3,2,2048,1.0
full_adaptive,5,20,2,2048,3,2,2048,1.0
full_adaptive,5,21,2,2048,3,2,2048,1.0
full_adaptive,5,22,2,2048,3,2,2048,1.0
full_adaptive,5,23,2,2048,3,2,2048,1.0
full_adaptive,5,24,2,2048,3,2,2048,1.0
full_adaptive,5,25,2,2048,3,2,2048,1.0
full_adaptive,5,26,2,2048,3,2,2048,1.0
full_adaptive,5,27,2,2048,3,2,2048,1.0
full_adaptive,5,28,2,2048,3,2,2048,1.0
full_adaptive,5,29,2,2048,3,2,2048,1.0
full_adaptive,5,30,2,2048,3,2,2048,1.0
full_adaptive,5,31,2,2048,3,2,2048,1.0
full_adaptive,6,0,0,512,0,0,512,1.0
full_adaptive,6,1,0,512,0,0,512,1.0
full_adaptive,6,2,0,512,0,0,512,1.0
full_adaptive,6,3,0,512,0,0,512,1.0
full_adaptive,6,4,0,512,0,0,512,1.0
full_adaptive,6,5,0,512,0,0,512,1.0
full_adaptive,6,6,0,512,0,0,512,1.0
full_adaptive,6,7,0,512,0,0,512,1.0
full_adaptive,6,8,0,512,0,0,512,1.0
full_adaptive,6,9,0,512,0,0,512,1.0
full_adaptive,6,10,0,512,0,0,512,1.0
full_adaptive,6,11,0,512,0,0,512,1.0
full_adaptive,6,12,0,512,0,0,512,1.0
full_adaptive,6,13,0,512,0,0,512,1.0
full_adaptive,6,14,0,512,0,0,512,1.0
full_adaptive,6,15,0,512,0,0,512,1.0
full_adaptive,6,16,0,512,0,0,512,1.0
full_adaptive,6,17,0,512,0,0,512,1.0
full_adaptive,6,18,0,512,0,0,512,1.0
full_adaptive,6,19,0,512,0,0,512,1.0
full_adaptive,6,20,0,512,0,0,512,1.0
full_adaptive,6,21,0,512,0,0,512,1.0
full_adaptive,6,22,0,512,0,0,512,1.0
full_adaptive,6,23,0,512,0,0,512,1.0
full_adaptive,6,24,0,512,0,0,512,1.0
full_adaptive,6,25,0,512,0,0,512,1.0
full_adaptive,6,26,0,512,0,0,512,1.0
full_adaptive,6,27,0,512,0,0,512,1.0
full_adaptive,6,28,0,512,0,0,512,1.0
full_adaptive,6,29,0,512,0,0,512,1.0
full_adaptive,6,30,0,512,0,0,512,1.0
full_adaptive,6,31,0,512,0,0,512,1.0
full_adaptive,7,0,2,2048,3,2,2048,1.0
full_adaptive,7,1,2,2048,3,2,2048,1.0
full_adaptive,7,2,2,2048,3,2,2048,1.0
full_adaptive,7,3,2,2048,3,2,2048,1.0
full_adaptive,7,4,2,2048,3,2,2048,1.0
full_adaptive,7,5,2,2048,3,2,2048,1.0
full_adaptive,7,6,2,2048,3,2,2048,1.0
full_adaptive,7,7,2,2048,3,2,2048,1.0
full_adaptive,7,8,2,2048,3,2,2048,1.0
full_adaptive,7,9,2,2048,3,2,2048,1.0
full_adaptive,7,10,2,2048,3,2,2048,1.0
full_adaptive,7,11,2,2048,3,2,2048,1.0
full_adaptive,7,12,2,2048,3,2,2048,1.0
full_adaptive,7,13,2,2048,3,2,2048,1.0
full_adaptive,7,14,2,2048,3,2,2048,1.0
full_adaptive,7,15,2,2048,3,2,2048,1.0
full_adaptive,7,16,2,2048,3,2,2048,1.0
full_adaptive,7,17,2,2048,3,2,2048,1.0
full_adaptive,7,18,2,2048,3,2,2048,1.0
full_adaptive,7,19,2,2048,3,2,2048,1.0
full_adaptive,7,20,2,2048,3,2,2048,1.0
full_adaptive,7,21,2,2048,3,2,2048,1.0
full_adaptive,7,22,2,2048,3,2,2048,1.0
full_adaptive,7,23,2,2048,3,2,2048,1.0
full_adaptive,7,24,2,2048,3,2,2048,1.0
full_adaptive,7,25,2,2048,3,2,2048,1.0
full_adaptive,7,26,2,2048,3,2,2048,1.0
full_adaptive,7,27,2,2048,3,2,2048,1.0
full_adaptive,7,28,2,2048,3,2,2048,1.0
full_adaptive,7,29,2,2048,3,2,2048,1.0
full_adaptive,7,30,2,2048,3,2,2048,1.0
full_adaptive,7,31,2,2048,3,2,2048,1.0
full_adaptive,8,0,0,512,0,0,512,1.0
full_adaptive,8,1,0,512,0,0,512,1.0
full_adaptive,8,2,0,512,0,0,512,1.0
full_adaptive,8,3,0,512,0,0,512,1.0
full_adaptive,8,4,0,512,0,0,512,1.0
full_adaptive,8,5,0,512,0,0,512,1.0
full_adaptive,8,6,0,512,0,0,512,1.0
full_adaptive,8,7,0,512,0,0,512,1.0
full_adaptive,8,8,0,512,0,0,512,1.0
full_adaptive,8,9,0,512,0,0,512,1.0
full_adaptive,8,10,0,512,0,0,512,1.0
full_adaptive,8,11,0,512,0,0,512,1.0
full_adaptive,8,12,0,512,0,0,512,1.0
full_adaptive,8,13,0,512,0,0,512,1.0
full_adaptive,8,14,0,512,0,0,512,1.0
full_adaptive,8,15,0,512,0,0,512,1.0
full_adaptive,8,16,0,512,0,0,512,1.0
full_adaptive,8,17,0,512,0,0,512,1.0
full_adaptive,8,18,0,512,0,0,512,1.0
full_adaptive,8,19,0,512,0,0,512,1.0
full_adaptive,8,20,0,512,0,0,512,1.0
full_adaptive,8,21,0,512,0,0,512,1.0
full_adaptive,8,22,0,512,0,0,512,1.0
full_adaptive,8,23,0,512,0,0,512,1.0
full_adaptive,8,24,0,512,0,0,512,1.0
full_adaptive,8,25,0,512,0,0,512,1.0
full_adaptive,8,26,0,512,0,0,512,1.0
full_adaptive,8,27,0,512,0,0,512,1.0
full_adaptive,8,28,0,512,0,0,512,1.0
full_adaptive,8,29,0,512,0,0,512,1.0
full_adaptive,8,30,0,512,0,0,512,1.0
full_adaptive,8,31,0,512,0,0,512,1.0
full_adaptive,9,0,2,2048,3,2,2048,1.0
full_adaptive,9,1,2,2048,3,2,2048,1.0
full_adaptive,9,2,2,2048,3,2,2048,1.0
full_adaptive,9,3,2,2048,3,2,2048,1.0
full_adaptive,9,4,2,2048,3,2,2048,1.0
full_adaptive,9,5,2,2048,3,2,2048,1.0
full_adaptive,9,6,2,2048,3,2,2048,1.0
full_adaptive,9,7,2,2048,3,2,2048,1.0
full_adaptive,9,8,1,1024,0,1,1024,1.0
full_adaptive,9,9,1,1024,0,1,1024,1.0
full_adaptive,9,10,1,1024,0,1,1024,1.0
full_adaptive,9,11,1,1024,0,1,1024,1.0
full_adaptive,9,12,0,512,0,0,512,1.0
full_adaptive,9,13,0,512,0,0,512,1.0
full_adaptive,9,14,0,512,0,0,512,1.0
full_adaptive,9,15,0,512,0,0,512,1.0
full_adaptive,9,16,0,512,0,0,512,1.0
full_adaptive,9,17,0,512,0,0,512,1.0
full_adaptive,9,18,0,512,0,0,512,1.0
full_adaptive,9,19,0,512,0,0,512,1.0
full_adaptive,9,20,0,512,0,0,512,1.0
full_adaptive,9,21,0,512,0,0,512,1.0
full_adaptive,9,22,0,512,0,0,512,1.0
full_adaptive,9,23,0,512,0,0,512,1.0
full_adaptive,9,24,0,512,0,0,512,1.0
full_adaptive,9,25,0,512,0,0,512,1.0
full_adaptive,9,26,0,512,0,0,512,1.0
full_adaptive,9,27,0,512,0,0,512,1.0
full_adaptive,9,28,0,512,0,0,512,1.0
full_adaptive,9,29,0,512,0,0,512,1.0
full_adaptive,9,30,0,512,0,0,512,1.0
full_adaptive,9,31,0,512,0,0,512,1.0
full_adaptive,10,0,1,1024,2,1,1024,1.0
full_adaptive,10,1,1,1024,2,1,1024,1.0
full_adaptive,10,2,1,1024,2,1,1024,1.0
full_adaptive,10,3,1,1024,2,1,1024,1.0
full_adaptive,10,4,1,1024,2,1,1024,1.0
full_adaptive,10,5,1,1024,2,1,1024,1.0
full_adaptive,10,6,1,1024,2,1,1024,1.0
full_adaptive,10,7,1,1024,2,1,1024,1.0
full_adaptive,10,8,1,1024,2,1,1024,1.0
full_adaptive,10,9,1,1024,2,1,1024,1.0
full_adaptive,10,10,1,1024,2,1,1024,1.0
full_adaptive,10,11,1,1024,2,1,1024,1.0
full_adaptive,10,12,1,1024,2,1,1024,1.0
full_adaptive,10,13,1,1024,2,1,1024,1.0
full_adaptive,10,14,1,1024,2,1,1024,1.0
full_adaptive,10,15,1,1024,2,1,1024,1.0
full_adaptive,10,16,1,1024,2,1,1024,1.0
full_adaptive,10,17,1,1024,2,1,1024,1.0
full_adaptive,10,18,1,1024,2,1,1024,1.0
full_adaptive,10,19,1,1024,2,1,1024,1.0
full_adaptive,10,20,1,1024,2,1,1024,1.0
full_adaptive,10,21,1,1024,2,1,1024,1.0
full_adaptive,10,22,1,1024,2,1,1024,1.0
full_adaptive,10,23,1,1024,2,1,1024,1.0
full_adaptive,10,24,1,1024,2,1,1024,1.0
full_adaptive,10,25,1,1024,2,1,1024,1.0
full_adaptive,10,26,1,1024,2,1,1024,1.0
full_adaptive,10,27,1,1024,2,1,1024,1.0
full_adaptive,10,28,1,1024,2,1,1024,1.0
full_adaptive,10,29,1,1024,2,1,1024,1.0
full_adaptive,10,30,1,1024,2,1,1024,1.0
full_adaptive,10,31,1,1024,2,1,1024,1.0
full_adaptive,11,0,2,2048,3,2,2048,1.0
full_adaptive,11,1,2,2048,3,2,2048,1.0
full_adaptive,11,2,2,2048,3,2,2048,1.0
full_adaptive,11,3,2,2048,3,2,2048,1.0
full_adaptive,11,4,2,2048,3,2,2048,1.0
full_adaptive,11,5,2,2048,3,2,2048,1.0
full_adaptive,11,6,2,2048,3,2,2048,1.0
full_adaptive,11,7,2,2048,3,2,2048,1.0
full_adaptive,11,8,2,2048,3,2,2048,1.0
full_adaptive,11,9,2,2048,3,2,2048,1.0
full_adaptive,11,10,2,2048,3,2,2048,1.0
full_adaptive,11,11,2,2048,3,2,2048,1.0
full_adaptive,11,12,2,2048,3,2,2048,1.0
full_adaptive,11,13,2,2048,3,2,2048,1.0
full_adaptive,11,14,2,2048,3,2,2048,1.0
full_adaptive,11,15,2,2048,3,2,2048,1.0
full_adaptive,11,16,2,2048,3,2,2048,1.0
full_adaptive,11,17,2,2048,3,2,2048,1.0
full_adaptive,11,18,2,2048,3,2,2048,1.0
full_adaptive,11,19,2,2048,3,2,2048,1.0
full_adaptive,11,20,2,2048,3,2,2048,1.0
full_adaptive,11,21,2,2048,3,2,2048,1.0
full_adaptive,11,22,2,2048,3,2,2048,1.0
full_adaptive,11,23,2,2048,3,2,2048,1.0
full_adaptive,11,24,2,2048,3,2,2048,1.0
full_adaptive,11,25,2,2048,3,2,2048,1.0
full_adaptive,11,26,2,2048,3,2,2048,1.0
full_adaptive,11,27,2,2048,3,2,2048,1.0
full_adaptive,11,28,2,2048,3,2,2048,1.0
full_adaptive,11,29,2,2048,3,2,2048,1.0
full_adaptive,11,30,2,2048,3,2,2048,1.0
full_adaptive,11,31,2,2048,3,2,2048,1.0
full_adaptive,12,0,1,1024,1,1,1024,1.0
full_adaptive,12,1,1,1024,1,1,1024,1.0
full_adaptive,12,2,1,1024,1,1,1024,1.0
full_adaptive,12,3,1,1024,1,1,1024,1.0
full_adaptive,12,4,1,1024,1,1,1024,1.0
full_adaptive,12,5,1,1024,1,1,1024,1.0
full_adaptive,12,6,1,1024,1,1,1024,1.0
full_adaptive,12,7,1,1024,1,1,1024,1.0
full_adaptive,12,8,1,1024,1,1,1024,1.0
full_adaptive,12,9,1,1024,1,1,1024,1.0
full_adaptive,12,10,1,1024,1,1,1024,1.0
full_adaptive,12,11,1,1024,1,1,1024,1.0
full_adaptive,12,12,1,1024,1,1,1024,1.0
full_adaptive,12,13,1,1024,1,1,1024,1.0
full_adaptive,12,14,1,1024,1,1,1024,1.0
full_adaptive,12,15,1,1024,1,1,1024,1.0
full_adaptive,12,16,1,1024,1,1,1024,1.0
full_adaptive,12,17,1,1024,1,1,1024,1.0
full_adaptive,12,18,1,1024,1,1,1024,1.0
full_adaptive,12,19,1,1024,1,1,1024,1.0
full_adaptive,12,20,1,1024,1,1,1024,1.0
full_adaptive,12,21,1,1024,1,1,1024,1.0
full_adaptive,12,22,1,1024,1,1,1024,1.0
full_adaptive,12,23,1,1024,1,1,1024,1.0
full_adaptive,12,24,1,1024,1,1,1024,1.0
full_adaptive,12,25,1,1024,1,1,1024,1.0
full_adaptive,12,26,1,1024,1,1,1024,1.0
full_adaptive,12,27,1,1024,1,1,1024,1.0
full_adaptive,12,28,1,1024,1,1,1024,1.0
full_adaptive,12,29,1,1024,1,1,1024,1.0
full_adaptive,12,30,1,1024,1,1,1024,1.0
full_adaptive,12,31,1,1024,1,1,1024,1.0
full_adaptive,13,0,1,1024,1,1,1024,1.0
full_adaptive,13,1,1,1024,1,1,1024,1.0
full_adaptive,13,2,1,1024,1,1,1024,1.0
full_adaptive,13,3,1,1024,1,1,1024,1.0
full_adaptive,13,4,1,1024,1,1,1024,1.0
full_adaptive,13,5,1,1024,1,1,1024,1.0
full_adaptive,13,6,1,1024,1,1,1024,1.0
full_adaptive,13,7,1,1024,1,1,1024,1.0
full_adaptive,13,8,1,1024,1,1,1024,1.0
full_adaptive,13,9,1,1024,1,1,1024,1.0
full_adaptive,13,10,1,1024,1,1,1024,1.0
full_adaptive,13,11,1,1024,1,1,1024,1.0
full_adaptive,13,12,1,1024,1,1,1024,1.0
full_adaptive,13,13,1,1024,1,1,1024,1.0
full_adaptive,13,14,1,1024,1,1,1024,1.0
full_adaptive,13,15,1,1024,1,1,1024,1.0
full_adaptive,13,16,1,1024,1,1,1024,1.0
full_adaptive,13,17,1,1024,1,1,1024,1.0
full_adaptive,13,18,1,1024,1,1,1024,1.0
full_adaptive,13,19,1,1024,1,1,1024,1.0
full_adaptive,13,20,1,1024,1,1,1024,1.0
full_adaptive,13,21,1,1024,1,1,1024,1.0
full_adaptive,13,22,1,1024,1,1,1024,1.0
full_adaptive,13,23,1,1024,1,1,1024,1.0
full_adaptive,13,24,1,1024,1,1,1024,1.0
full_adaptive,13,25,1,1024,1,1,1024,1.0
full_adaptive,13,26,1,1024,1,1,1024,1.0
full_adaptive,13,27,1,1024,1,1,1024,1.0
full_adaptive,13,28,1,1024,1,1,1024,1.0
full_adaptive,13,29,1,1024,1,1,1024,1.0
full_adaptive,13,30,1,1024,1,1,1024,1.0
full_adaptive,13,31,1,1024,1,1,1024,1.0
full_adaptive,14,0,2,2048,3,2,2048,1.0
full_adaptive,14,1,2,2048,3,2,2048,1.0
full_adaptive,14,2,2,2048,3,2,2048,1.0
full_adaptive,14,3,2,2048,3,2,2048,1.0
full_adaptive,14,4,2,2048,3,2,2048,1.0
full_adaptive,14,5,2,2048,3,2,2048,1.0
full_adaptive,14,6,2,2048,3,2,2048,1.0
full_adaptive,14,7,2,2048,3,2,2048,1.0
full_adaptive,14,8,2,2048,3,2,2048,1.0
full_adaptive,14,9,2,2048,3,2,2048,1.0
full_adaptive,14,10,2,2048,3,2,2048,1.0
full_adaptive,14,11,2,2048,3,2,2048,1.0
full_adaptive,14,12,2,2048,3,2,2048,1.0
full_adaptive,14,13,2,2048,3,2,2048,1.0
full_adaptive,14,14,2,2048,3,2,2048,1.0
full_adaptive,14,15,2,2048,3,2,2048,1.0
full_adaptive,14,16,2,2048,3,2,2048,1.0
full_adaptive,14,17,2,2048,3,2,2048,1.0
full_adaptive,14,18,2,2048,3,2,2048,1.0
full_adaptive,14,19,2,2048,3,2,2048,1.0
full_adaptive,14,20,2,2048,3,2,2048,1.0
full_adaptive,14,21,2,2048,3,2,2048,1.0
full_adaptive,14,22,2,2048,3,2,2048,1.0
full_adaptive,14,23,2,2048,3,2,2048,1.0
full_adaptive,14,24,2,2048,3,2,2048,1.0
full_adaptive,14,25,2,2048,3,2,2048,1.0
full_adaptive,14,26,2,2048,3,2,2048,1.0
full_adaptive,14,27,2,2048,3,2,2048,1.0
full_adaptive,14,28,2,2048,3,2,2048,1.0
full_adaptive,14,29,2,2048,3,2,2048,1.0
full_adaptive,14,30,2,2048,3,2,2048,1.0
full_adaptive,14,31,2,2048,3,2,2048,1.0
full_adaptive,15,0,0,512,0,0,512,1.0
full_adaptive,15,1,0,512,0,0,512,1.0
full_adaptive,15,2,0,512,1,0,512,1.0
full_adaptive,15,3,0,512,1,0,512,1.0
full_adaptive,15,4,0,512,0,0,512,1.0
full_adaptive,15,5,0,512,0,0,512,1.0
full_adaptive,15,6,1,1024,1,1,1024,1.0
full_adaptive,15,7,1,1024,1,1,1024,1.0
full_adaptive,15,8,1,1024,1,1,1024,1.0
full_adaptive,15,9,1,1024,1,1,1024,1.0
full_adaptive,15,10,1,1024,1,1,1024,1.0
full_adaptive,15,11,1,1024,1,1,1024,1.0
full_adaptive,15,12,1,1024,1,1,1024,1.0
full_adaptive,15,13,1,1024,1,1,1024,1.0
full_adaptive,15,14,1,1024,1,1,1024,1.0
full_adaptive,15,15,1,1024,1,1,1024,1.0
full_adaptive,15,16,1,1024,1,1,1024,1.0
full_adaptive,15,17,1,1024,1,1,1024,1.0
full_adaptive,15,18,1,1024,1,1,1024,1.0
full_adaptive,15,19,1,1024,1,1,1024,1.0
full_adaptive,15,20,1,1024,1,1,1024,1.0
full_adaptive,15,21,1,1024,1,1,1024,1.0
full_adaptive,15,22,1,1024,1,1,1024,1.0
full_adaptive,15,23,1,1024,1,1,1024,1.0
full_adaptive,15,24,1,1024,1,1,1024,1.0
full_adaptive,15,25,1,1024,1,1,1024,1.0
full_adaptive,15,26,1,1024,1,1,1024,1.0
full_adaptive,15,27,1,1024,1,1,1024,1.0
full_adaptive,15,28,1,1024,1,1,1024,1.0
full_adaptive,15,29,1,1024,1,1,1024,1.0
full_adaptive,15,30,1,1024,1,1,1024,1.0
full_adaptive,15,31,1,1024,1,1,1024,1.0
full_adaptive,16,0,1,1024,1,1,1024,1.0
full_adaptive,16,1,1,1024,1,1,1024,1.0
full_adaptive,16,2,1,1024,1,1,1024,1.0
full_adaptive,16,3,1,1024,1,1,1024,1.0
full_adaptive,16,4,1,1024,1,1,1024,1.0
full_adaptive,16,5,1,1024,1,1,1024,1.0
full_adaptive,16,6,1,1024,1,1,1024,1.0
full_adaptive,16,7,1,1024,1,1,1024,1.0
full_adaptive,16,8,1,1024,1,1,1024,1.0
full_adaptive,16,9,1,1024,1,1,1024,1.0
full_adaptive,16,10,1,1024,1,1,1024,1.0
full_adaptive,16,11,1,1024,1,1,1024,1.0
full_adaptive,16,12,1,1024,1,1,1024,1.0
full_adaptive,16,13,1,1024,1,1,1024,1.0
full_adaptive,16,14,1,1024,1,1,1024,1.0
full_adaptive,16,15,1,1024,1,1,1024,1.0
full_adaptive,16,16,1,1024,1,1,1024,1.0
full_adaptive,16,17,1,1024,1,1,1024,1.0
full_adaptive,16,18,1,1024,1,1,1024,1.0
full_adaptive,16,19,1,1024,1,1,1024,1.0
full_adaptive,16,20,1,1024,1,1,1024,1.0
full_adaptive,16,21,1,1024,1,1,1024,1.0
full_adaptive,16,22,1,1024,1,1,1024,1.0
full_adaptive,16,23,1,1024,1,1,1024,1.0
full_adaptive,16,24,1,1024,1,1,1024,1.0
full_adaptive,16,25,1,1024,1,1,1024,1.0
full_adaptive,16,26,1,1024,1,1,1024,1.0
full_adaptive,16,27,1,1024,1,1,1024,1.0
full_adaptive,16,28,1,1024,1,1,1024,1.0
full_adaptive,16,29,1,1024,1,1,1024,1.0
full_adaptive,16,30,1,1024,1,1,1024,1.0
full_adaptive,16,31,1,1024,1,1,1024,1.0
full_adaptive,17,0,1,1024,1,1,1024,1.0
full_adaptive,17,1,1,1024,1,1,1024,1.0
full_adaptive,17,2,1,1024,1,1,1024,1.0
full_adaptive,17,3,1,1024,1,1,1024,1.0
full_adaptive,17,4,1,1024,1,1,1024,1.0
full_adaptive,17,5,1,1024,1,1,1024,1.0
full_adaptive,17,6,1,1024,1,1,1024,1.0
full_adaptive,17,7,1,1024,1,1,1024,1.0
full_adaptive,17,8,1,1024,1,1,1024,1.0
full_adaptive,17,9,1,1024,1,1,1024,1.0
full_adaptive,17,10,1,1024,1,1,1024,1.0
full_adaptive,17,11,1,1024,1,1,1024,1.0
full_adaptive,17,12,1,1024,1,1,1024,1.0
full_adaptive,17,13,1,1024,1,1,1024,1.0
full_adaptive,17,14,1,1024,1,1,1024,1.0
full_adaptive,17,15,1,1024,1,1,1024,1.0
full_adaptive,17,16,1,1024,3,1,1024,1.0
full_adaptive,17,17,1,1024,3,1,1024,1.0
full_adaptive,17,18,2,2048,3,2,2048,1.0
full_adaptive,17,19,2,2048,3,2,2048,1.0
full_adaptive,17,20,2,2048,3,2,2048,1.0
full_adaptive,17,21,2,2048,3,2,2048,1.0
full_adaptive,17,22,2,2048,3,2,2048,1.0
full_adaptive,17,23,2,2048,3,2,2048,1.0
full_adaptive,17,24,2,2048,3,2,2048,1.0
full_adaptive,17,25,2,2048,3,2,2048,1.0
full_adaptive,17,26,2,2048,3,2,2048,1.0
full_adaptive,17,27,2,2048,3,2,2048,1.0
full_adaptive,17,28,2,2048,3,2,2048,1.0
full_adaptive,17,29,2,2048,3,2,2048,1.0
full_adaptive,17,30,2,2048,3,2,2048,1.0
full_adaptive,17,31,2,2048,3,2,2048,1.0
full_adaptive,18,0,1,1024,1,1,1024,1.0
full_adaptive,18,1,1,1024,1,1,1024,1.0
full_adaptive,18,2,1,1024,1,1,1024,1.0
full_adaptive,18,3,1,1024,1,1,1024,1.0
full_adaptive,18,4,1,1024,1,1,1024,1.0
full_adaptive,18,5,1,1024,1,1,1024,1.0
full_adaptive,18,6,1,1024,1,1,1024,1.0
full_adaptive,18,7,1,1024,1,1,1024,1.0
full_adaptive,18,8,1,1024,1,1,1024,1.0
full_adaptive,18,9,1,1024,1,1,1024,1.0
full_adaptive,18,10,1,1024,1,1,1024,1.0
full_adaptive,18,11,1,1024,1,1,1024,1.0
full_adaptive,18,12,1,1024,1,1,1024,1.0
full_adaptive,18,13,1,1024,1,1,1024,1.0
full_adaptive,18,14,1,1024,1,1,1024,1.0
full_adaptive,18,15,1,1024,1,1,1024,1.0
full_adaptive,18,16,1,1024,1,1,1024,1.0
full_adaptive,18,17,1,1024,1,1,1024,1.0
full_adaptive,18,18,1,1024,1,1,1024,1.0
full_adaptive,18,19,1,1024,1,1,1024,1.0
full_adaptive,18,20,1,1024,1,1,1024,1.0
full_adaptive,18,21,1,1024,1,1,1024,1.0
full_adaptive,18,22,1,1024,1,1,1024,1.0
full_adaptive,18,23,1,1024,1,1,1024,1.0
full_adaptive,18,24,1,1024,1,1,1024,1.0
full_adaptive,18,25,1,1024,1,1,1024,1.0
full_adaptive,18,26,1,1024,1,1,1024,1.0
full_adaptive,18,27,1,1024,1,1,1024,1.0
full_adaptive,18,28,1,1024,1,1,1024,1.0
full_adaptive,18,29,1,1024,1,1,1024,1.0
full_adaptive,18,30,1,1024,1,1,1024,1.0
full_adaptive,18,31,1,1024,1,1,1024,1.0
full_adaptive,19,0,2,2048,3,2,2048,1.0
full_adaptive,19,1,2,2048,3,2,2048,1.0
full_adaptive,19,2,2,2048,3,2,2048,1.0
full_adaptive,19,3,2,2048,3,2,2048,1.0
full_adaptive,19,4,2,2048,3,2,2048,1.0
full_adaptive,19,5,2,2048,3,2,2048,1.0
full_adaptive,19,6,2,2048,3,2,2048,1.0
full_adaptive,19,7,2,2048,3,2,2048,1.0
full_adaptive,19,8,2,2048,3,2,2048,1.0
full_adaptive,19,9,2,2048,3,2,2048,1.0
full_adaptive,19,10,2,2048,3,2,2048,1.0
full_adaptive,19,11,2,2048,3,2,2048,1.0
full_adaptive,19,12,2,2048,3,2,2048,1.0
full_adaptive,19,13,2,2048,3,2,2048,1.0
full_adaptive,19,14,2,2048,3,2,2048,1.0
full_adaptive,19,15,2,2048,3,2,2048,1.0
full_adaptive,19,16,2,2048,3,2,2048,1.0
full_adaptive,19,17,2,2048,3,2,2048,1.0
full_adaptive,19,18,2,2048,3,2,2048,1.0
full_adaptive,19,19,2,2048,3,2,2048,1.0
full_adaptive,19,20,2,2048,3,2,2048,1.0
full_adaptive,19,21,2,2048,3,2,2048,1.0
full_adaptive,19,22,2,2048,3,2,2048,1.0
full_adaptive,19,23,2,2048,3,2,2048,1.0
full_adaptive,19,24,2,2048,3,2,2048,1.0
full_adaptive,19,25,2,2048,3,2,2048,1.0
full_adaptive,19,26,2,2048,3,2,2048,1.0
full_adaptive,19,27,2,2048,3,2,2048,1.0
full_adaptive,19,28,2,2048,3,2,2048,1.0
full_adaptive,19,29,2,2048,3,2,2048,1.0
full_adaptive,19,30,2,2048,3,2,2048,1.0
full_adaptive,19,31,2,2048,3,2,2048,1.0
full_adaptive,20,0,2,2048,3,2,2048,1.0
full_adaptive,20,1,2,2048,3,2,2048,1.0
full_adaptive,20,2,1,1024,0,1,1024,1.0
full_adaptive,20,3,1,1024,0,1,1024,1.0
full_adaptive,20,4,1,1024,0,1,1024,1.0
full_adaptive,20,5,1,1024,0,1,1024,1.0
full_adaptive,20,6,0,512,0,0,512,1.0
full_adaptive,20,7,0,512,0,0,512,1.0
full_adaptive,20,8,0,512,0,0,512,1.0
full_adaptive,20,9,0,512,0,0,512,1.0
full_adaptive,20,10,0,512,0,0,512,1.0
full_adaptive,20,11,0,512,0,0,512,1.0
full_adaptive,20,12,0,512,0,0,512,1.0
full_adaptive,20,13,0,512,0,0,512,1.0
full_adaptive,20,14,0,512,0,0,512,1.0
full_adaptive,20,15,0,512,0,0,512,1.0
full_adaptive,20,16,0,512,0,0,512,1.0
full_adaptive,20,17,0,512,0,0,512,1.0
full_adaptive,20,18,0,512,0,0,512,1.0
full_adaptive,20,19,0,512,0,0,512,1.0
full_adaptive,20,20,0,512,0,0,512,1.0
full_adaptive,20,21,0,512,0,0,512,1.0
full_adaptive,20,22,0,512,0,0,512,1.0
full_adaptive,20,23,0,512,0,0,512,1.0
full_adaptive,20,24,0,512,0,0,512,1.0
full_adaptive,20,25,0,512,0,0,512,1.0
full_adaptive,20,26,0,512,0,0,512,1.0
full_adaptive,20,27,0,512,0,0,512,1.0
full_adaptive,20,28,0,512,0,0,512,1.0
full_adaptive,20,29,0,512,0,0,512,1.0
full_adaptive,20,30,0,512,0,0,512,1.0
full_adaptive,20,31,0,512,0,0,512,1.0
full_adaptive,21,0,2,2048,3,2,2048,1.0
full_adaptive,21,1,2,2048,3,2,2048,1.0
full_adaptive,21,2,2,2048,3,2,2048,1.0
full_adaptive,21,3,2,2048,3,2,2048,1.0
full_adaptive,21,4,1,1024,0,1,1024,1.0
full_adaptive,21,5,1,1024,0,1,1024,1.0
full_adaptive,21,6,1,1024,0,1,1024,1.0
full_adaptive,21,7,1,1024,0,1,1024,1.0
full_adaptive,21,8,1,1024,3,1,1024,1.0
full_adaptive,21,9,1,1024,3,1,1024,1.0
full_adaptive,21,10,1,1024,0,1,1024,1.0
full_adaptive,21,11,1,1024,0,1,1024,1.0
full_adaptive,21,12,2,2048,3,2,2048,1.0
full_adaptive,21,13,2,2048,3,2,2048,1.0
full_adaptive,21,14,2,2048,3,2,2048,1.0
full_adaptive,21,15,2,2048,3,2,2048,1.0
full_adaptive,21,16,2,2048,3,2,2048,1.0
full_adaptive,21,17,2,2048,3,2,2048,1.0
full_adaptive,21,18,2,2048,3,2,2048,1.0
full_adaptive,21,19,2,2048,3,2,2048,1.0
full_adaptive,21,20,2,2048,3,2,2048,1.0
full_adaptive,21,21,2,2048,3,2,2048,1.0
full_adaptive,21,22,2,2048,3,2,2048,1.0
full_adaptive,21,23,2,2048,3,2,2048,1.0
full_adaptive,21,24,2,2048,3,2,2048,1.0
full_adaptive,21,25,2,2048,3,2,2048,1.0
full_adaptive,21,26,2,2048,3,2,2048,1.0
full_adaptive,21,27,2,2048,3,2,2048,1.0
full_adaptive,21,28,2,2048,3,2,2048,1.0
full_adaptive,21,29,2,2048,3,2,2048,1.0
full_adaptive,21,30,2,2048,3,2,2048,1.0
full_adaptive,21,31,2,2048,3,2,2048,1.0
full_adaptive,22,0,0,512,0,0,512,1.0
full_adaptive,22,1,0,512,0,0,512,1.0
full_adaptive,22,2,0,512,0,0,512,1.0
full_adaptive,22,3,0,512,0,0,512,1.0
full_adaptive,22,4,0,512,0,0,512,1.0
full_adaptive,22,5,0,512,0,0,512,1.0
full_adaptive,22,6,0,512,0,0,512,1.0
full_adaptive,22,7,0,512,0,0,512,1.0
full_adaptive,22,8,0,512,0,0,512,1.0
full_adaptive,22,9,0,512,0,0,512,1.0
full_adaptive,22,10,0,512,0,0,512,1.0
full_adaptive,22,11,0,512,0,0,512,1.0
full_adaptive,22,12,0,512,0,0,512,1.0
full_adaptive,22,13,0,512,0,0,512,1.0
full_adaptive,22,14,0,512,0,0,512,1.0
full_adaptive,22,15,0,512,0,0,512,1.0
full_adaptive,22,16,0,512,0,0,512,1.0
full_adaptive,22,17,0,512,0,0,512,1.0
full_adaptive,22,18,0,512,0,0,512,1.0
full_adaptive,22,19,0,512,0,0,512,1.0
full_adaptive,22,20,0,512,0,0,512,1.0
full_adaptive,22,21,0,512,0,0,512,1.0
full_adaptive,22,22,0,512,0,0,512,1.0
full_adaptive,22,23,0,512,0,0,512,1.0
full_adaptive,22,24,0,512,0,0,512,1.0
full_adaptive,22,25,0,512,0,0,512,1.0
full_adaptive,22,26,0,512,0,0,512,1.0
full_adaptive,22,27,0,512,0,0,512,1.0
full_adaptive,22,28,0,512,0,0,512,1.0
full_adaptive,22,29,0,512,0,0,512,1.0
full_adaptive,22,30,0,512,0,0,512,1.0
full_adaptive,22,31,0,512,0,0,512,1.0
full_adaptive,23,0,1,1024,2,1,1024,1.0
full_adaptive,23,1,1,1024,2,1,1024,1.0
full_adaptive,23,2,1,1024,2,1,1024,1.0
full_adaptive,23,3,1,1024,2,1,1024,1.0
full_adaptive,23,4,1,1024,2,1,1024,1.0
full_adaptive,23,5,1,1024,2,1,1024,1.0
full_adaptive,23,6,1,1024,2,1,1024,1.0
full_adaptive,23,7,1,1024,2,1,1024,1.0
full_adaptive,23,8,1,1024,0,1,1024,1.0
full_adaptive,23,9,1,1024,0,1,1024,1.0
full_adaptive,23,10,0,512,0,0,512,1.0
full_adaptive,23,11,0,512,0,0,512,1.0
full_adaptive,23,12,0,512,0,0,512,1.0
full_adaptive,23,13,0,512,0,0,512,1.0
full_adaptive,23,14,0,512,0,0,512,1.0
full_adaptive,23,15,0,512,0,0,512,1.0
full_adaptive,23,16,1,1024,2,1,1024,1.0
full_adaptive,23,17,1,1024,2,1,1024,1.0
full_adaptive,23,18,1,1024,2,1,1024,1.0
full_adaptive,23,19,1,1024,2,1,1024,1.0
full_adaptive,23,20,1,1024,2,1,1024,1.0
full_adaptive,23,21,1,1024,2,1,1024,1.0
full_adaptive,23,22,1,1024,2,1,1024,1.0
full_adaptive,23,23,1,1024,2,1,1024,1.0
full_adaptive,23,24,1,1024,2,1,1024,1.0
full_adaptive,23,25,1,1024,2,1,1024,1.0
full_adaptive,23,26,1,1024,2,1,1024,1.0
full_adaptive,23,27,1,1024,2,1,1024,1.0
full_adaptive,23,28,1,1024,0,1,1024,1.0
full_adaptive,23,29,1,1024,0,1,1024,1.0
full_adaptive,23,30,0,512,0,0,512,1.0
full_adaptive,23,31,0,512,0,0,512,1.0
full_adaptive,24,0,0,512,0,0,512,1.0
full_adaptive,24,1,0,512,0,0,512,1.0
full_adaptive,24,2,0,512,0,0,512,1.0
full_adaptive,24,3,0,512,0,0,512,1.0
full_adaptive,24,4,0,512,0,0,512,1.0
full_adaptive,24,5,0,512,0,0,512,1.0
full_adaptive,24,6,0,512,0,0,512,1.0
full_adaptive,24,7,0,512,0,0,512,1.0
full_adaptive,24,8,0,512,0,0,512,1.0
full_adaptive,24,9,0,512,0,0,512,1.0
full_adaptive,24,10,0,512,0,0,512,1.0
full_adaptive,24,11,0,512,0,0,512,1.0
full_adaptive,24,12,0,512,0,0,512,1.0
full_adaptive,24,13,0,512,0,0,512,1.0
full_adaptive,24,14,0,512,0,0,512,1.0
full_adaptive,24,15,0,512,0,0,512,1.0
full_adaptive,24,16,0,512,0,0,512,1.0
full_adaptive,24,17,0,512,0,0,512,1.0
full_adaptive,24,18,0,512,0,0,512,1.0
full_adaptive,24,19,0,512,0,0,512,1.0
full_adaptive,24,20,0,512,0,0,512,1.0
full_adaptive,24,21,0,512,0,0,512,1.0
full_adaptive,24,22,0,512,0,0,512,1.0
full_adaptive,24,23,0,512,0,0,512,1.0
full_adaptive,24,24,0,512,0,0,512,1.0
full_adaptive,24,25,0,512,0,0,512,1.0
full_adaptive,24,26,0,512,0,0,512,1.0
full_adaptive,24,27,0,512,0,0,512,1.0
full_adaptive,24,28,0,512,0,0,512,1.0
full_adaptive,24,29,0,512,0,0,512,1.0
full_adaptive,24,30,0,512,0,0,512,1.0
full_adaptive,24,31,0,512,0,0,512,1.0
full_adaptive,25,0,1,1024,2,1,1024,1.0
full_adaptive,25,1,1,1024,2,1,1024,1.0
full_adaptive,25,2,1,1024,2,1,1024,1.0
full_adaptive,25,3,1,1024,2,1,1024,1.0
full_adaptive,25,4,1,1024,2,1,1024,1.0
full_adaptive,25,5,1,1024,2,1,1024,1.0
full_adaptive,25,6,1,1024,2,1,1024,1.0
full_adaptive,25,7,1,1024,2,1,1024,1.0
full_adaptive,25,8,1,1024,2,1,1024,1.0
full_adaptive,25,9,1,1024,2,1,1024,1.0
full_adaptive,25,10,1,1024,2,1,1024,1.0
full_adaptive,25,11,1,1024,2,1,1024,1.0
full_adaptive,25,12,1,1024,2,1,1024,1.0
full_adaptive,25,13,1,1024,2,1,1024,1.0
full_adaptive,25,14,1,1024,2,1,1024,1.0
full_adaptive,25,15,1,1024,2,1,1024,1.0
full_adaptive,25,16,1,1024,2,1,1024,1.0
full_adaptive,25,17,1,1024,2,1,1024,1.0
full_adaptive,25,18,1,1024,2,1,1024,1.0
full_adaptive,25,19,1,1024,2,1,1024,1.0
full_adaptive,25,20,1,1024,2,1,1024,1.0
full_adaptive,25,21,1,1024,2,1,1024,1.0
full_adaptive,25,22,1,1024,2,1,1024,1.0
full_adaptive,25,23,1,1024,2,1,1024,1.0
full_adaptive,25,24,1,1024,2,1,1024,1.0
full_adaptive,25,25,1,1024,2,1,1024,1.0
full_adaptive,25,26,1,1024,2,1,1024,1.0
full_adaptive,25,27,1,1024,2,1,1024,1.0
full_adaptive,25,28,1,1024,2,1,1024,1.0
full_adaptive,25,29,1,1024,2,1,1024,1.0
full_adaptive,25,30,1,1024,2,1,1024,1.0
full_adaptive,25,31,1,1024,2,1,1024,1.0
full_adaptive,26,0,1,1024,1,1,1024,1.0
full_adaptive,26,1,1,1024,1,1,1024,1.0
full_adaptive,26,2,1,1024,1,1,1024,1.0
full_adaptive,26,3,1,1024,1,1,1024,1.0
full_adaptive,26,4,1,1024,1,1,1024,1.0
full_adaptive,26,5,1,1024,1,1,1024,1.0
full_adaptive,26,6,1,1024,1,1,1024,1.0
full_adaptive,26,7,1,1024,1,1,1024,1.0
full_adaptive,26,8,1,1024,1,1,1024,1.0
full_adaptive,26,9,1,1024,1,1,1024,1.0
full_adaptive,26,10,1,1024,1,1,1024,1.0
full_adaptive,26,11,1,1024,1,1,1024,1.0
full_adaptive,26,12,1,1024,1,1,1024,1.0
full_adaptive,26,13,1,1024,1,1,1024,1.0
full_adaptive,26,14,1,1024,1,1,1024,1.0
full_adaptive,26,15,1,1024,1,1,1024,1.0
full_adaptive,26,16,1,1024,1,1,1024,1.0
full_adaptive,26,17,1,1024,1,1,1024,1.0
full_adaptive,26,18,1,1024,1,1,1024,1.0
full_adaptive,26,19,1,1024,1,1,1024,1.0
full_adaptive,26,20,1,1024,1,1,1024,1.0
full_adaptive,26,21,1,1024,1,1,1024,1.0
full_adaptive,26,22,1,1024,1,1,1024,1.0
full_adaptive,26,23,1,1024,1,1,1024,1.0
full_adaptive,26,24,1,1024,1,1,1024,1.0
full_adaptive,26,25,1,1024,1,1,1024,1.0
full_adaptive,26,26,1,1024,1,1,1024,1.0
full_adaptive,26,27,1,1024,1,1,1024,1.0
full_adaptive,26,28,1,1024,1,1,1024,1.0
full_adaptive,26,29,1,1024,1,1,1024,1.0
full_adaptive,26,30,1,1024,1,1,1024,1.0
full_adaptive,26,31,1,1024,1,1,1024,1.0
full_adaptive,27,0,1,1024,2,1,1024,1.0
full_adaptive,27,1,1,1024,2,1,1024,1.0
full_adaptive,27,2,1,1024,2,1,1024,1.0
full_adaptive,27,3,1,1024,2,1,1024,1.0
full_adaptive,27,4,1,1024,2,1,1024,1.0
full_adaptive,27,5,1,1024,2,1,1024,1.0
full_adaptive,27,6,1,1024,2,1,1024,1.0
full_adaptive,27,7,1,1024,2,1,1024,1.0
full_adaptive,27,8,1,1024,2,1,1024,1.0
full_adaptive,27,9,1,1024,2,1,1024,1.0
full_adaptive,27,10,1,1024,2,1,1024,1.0
full_adaptive,27,11,1,1024,2,1,1024,1.0
full_adaptive,27,12,1,1024,2,1,1024,1.0
full_adaptive,27,13,1,1024,2,1,1024,1.0
full_adaptive,27,14,1,1024,2,1,1024,1.0
full_adaptive,27,15,1,1024,2,1,1024,1.0
full_adaptive,27,16,1,1024,2,1,1024,1.0
full_adaptive,27,17,1,1024,2,1,1024,1.0
full_adaptive,27,18,1,1024,2,1,1024,1.0
full_adaptive,27,19,1,1024,2,1,1024,1.0
full_adaptive,27,20,1,1024,2,1,1024,1.0
full_adaptive,27,21,1,1024,2,1,1024,1.0
full_adaptive,27,22,1,1024,2,1,1024,1.0
full_adaptive,27,23,1,1024,2,1,1024,1.0
full_adaptive,27,24,1,1024,2,1,1024,1.0
full_adaptive,27,25,1,1024,2,1,1024,1.0
full_adaptive,27,26,1,1024,2,1,1024,1.0
full_adaptive,27,27,1,1024,2,1,1024,1.0
full_adaptive,27,28,1,1024,2,1,1024,1.0
full_adaptive,27,29,1,1024,2,1,1024,1.0
full_adaptive,27,30,1,1024,2,1,1024,1.0
full_adaptive,27,31,1,1024,2,1,1024,1.0
full_adaptive,28,0,0,512,0,0,512,1.0
full_adaptive,28,1,0,512,0,0,512,1.0
full_adaptive,28,2,0,512,0,0,512,1.0
full_adaptive,28,3,0,512,0,0,512,1.0
full_adaptive,28,4,0,512,0,0,512,1.0
full_adaptive,28,5,0,512,0,0,512,1.0
full_adaptive,28,6,0,512,0,0,512,1.0
full_adaptive,28,7,0,512,0,0,512,1.0
full_adaptive,28,8,0,512,0,0,512,1.0
full_adaptive,28,9,0,512,0,0,512,1.0
full_adaptive,28,10,0,512,0,0,512,1.0
full_adaptive,28,11,0,512,0,0,512,1.0
full_adaptive,28,12,0,512,0,0,512,1.0
full_adaptive,28,13,0,512,0,0,512,1.0
full_adaptive,28,14,0,512,0,0,512,1.0
full_adaptive,28,15,0,512,0,0,512,1.0
full_adaptive,28,16,0,512,0,0,512,1.0
full_adaptive,28,17,0,512,0,0,512,1.0
full_adaptive,28,18,0,512,0,0,512,1.0
full_adaptive,28,19,0,512,0,0,512,1.0
full_adaptive,28,20,0,512,0,0,512,1.0
full_adaptive,28,21,0,512,0,0,512,1.0
full_adaptive,28,22,0,512,0,0,512,1.0
full_adaptive,28,23,0,512,0,0,512,1.0
full_adaptive,28,24,0,512,0,0,512,1.0
full_adaptive,28,25,0,512,0,0,512,1.0
full_adaptive,28,26,0,512,0,0,512,1.0
full_adaptive,28,27,0,512,0,0,512,1.0
full_adaptive,28,28,0,512,0,0,512,1.0
full_adaptive,28,29,0,512,0,0,512,1.0
full_adaptive,28,30,0,512,0,0,512,1.0
full_adaptive,28,31,0,512,0,0,512,1.0
full_adaptive,29,0,2,2048,3,2,2048,1.0
full_adaptive,29,1,2,2048,3,2,2048,1.0
full_adaptive,29,2,2,2048,3,2,2048,1.0
full_adaptive,29,3,2,2048,3,2,2048,1.0
full_adaptive,29,4,2,2048,3,2,2048,1.0
full_adaptive,29,5,2,2048,3,2,2048,1.0
full_adaptive,29,6,2,2048,3,2,2048,1.0
full_adaptive,29,7,2,2048,3,2,2048,1.0
full_adaptive,29,8,2,2048,3,2,2048,1.0
full_adaptive,29,9,2,2048,3,2,2048,1.0
full_adaptive,29,10,2,2048,3,2,2048,1.0
full_adaptive,29,11,2,2048,3,2,2048,1.0
full_adaptive,29,12,2,2048,3,2,2048,1.0
full_adaptive,29,13,2,2048,3,2,2048,1.0
full_adaptive,29,14,2,2048,3,2,2048,1.0
full_adaptive,29,15,2,2048,3,2,2048,1.0
full_adaptive,29,16,2,2048,3,2,2048,1.0
full_adaptive,29,17,2,2048,3,2,2048,1.0
full_adaptive,29,18,2,2048,3,2,2048,1.0
full_adaptive,29,19,2,2048,3,2,2048,1.0
full_adaptive,29,20,2,2048,3,2,2048,1.0
full_adaptive,29,21,2,2048,3,2,2048,1.0
full_adaptive,29,22,2,2048,3,2,2048,1.0
full_adaptive,29,23,2,2048,3,2,2048,1.0
full_adaptive,29,24,2,2048,3,2,2048,1.0
full_adaptive,29,25,2,2048,3,2,2048,1.0
full_adaptive,29,26,2,2048,3,2,2048,1.0
full_adaptive,29,27,2,2048,3,2,2048,1.0
full_adaptive,29,28,2,2048,3,2,2048,1.0
full_adaptive,29,29,2,2048,3,2,2048,1.0
full_adaptive,29,30,2,2048,3,2,2048,1.0
full_adaptive,29,31,2,2048,3,2,2048,1.0
full_adaptive,30,0,0,512,0,0,512,1.0
full_adaptive,30,1,0,512,0,0,512,1.0
full_adaptive,30,2,0,512,0,0,512,1.0
full_adaptive,30,3,0,512,0,0,512,1.0
full_adaptive,30,4,0,512,0,0,512,1.0
full_adaptive,30,5,0,512,0,0,512,1.0
full_adaptive,30,6,0,512,0,0,512,1.0
full_adaptive,30,7,0,512,0,0,512,1.0
full_adaptive,30,8,1,1024,3,1,1024,1.0
full_adaptive,30,9,1,1024,3,1,1024,1.0
full_adaptive,30,10,1,1024,3,1,1024,1.0
full_adaptive,30,11,1,1024,3,1,1024,1.0
full_adaptive,30,12,1,1024,0,1,1024,1.0
full_adaptive,30,13,1,1024,0,1,1024,1.0
full_adaptive,30,14,0,512,0,0,512,1.0
full_adaptive,30,15,0,512,0,0,512,1.0
full_adaptive,30,16,0,512,0,0,512,1.0
full_adaptive,30,17,0,512,0,0,512,1.0
full_adaptive,30,18,0,512,0,0,512,1.0
full_adaptive,30,19,0,512,0,0,512,1.0
full_adaptive,30,20,0,512,0,0,512,1.0
full_adaptive,30,21,0,512,0,0,512,1.0
full_adaptive,30,22,0,512,0,0,512,1.0
full_adaptive,30,23,0,512,0,0,512,1.0
full_adaptive,30,24,1,1024,3,1,1024,1.0
full_adaptive,30,25,1,1024,3,1,1024,1.0
full_adaptive,30,26,1,1024,3,1,1024,1.0
full_adaptive,30,27,1,1024,3,1,1024,1.0
full_adaptive,30,28,1,1024,0,1,1024,1.0
full_adaptive,30,29,1,1024,0,1,1024,1.0
full_adaptive,30,30,0,512,0,0,512,1.0
full_adaptive,30,31,0,512,0,0,512,1.0
full_adaptive,31,0,2,2048,3,2,2048,1.0
full_adaptive,31,1,2,2048,3,2,2048,1.0
full_adaptive,31,2,2,2048,3,2,2048,1.0
full_adaptive,31,3,2,2048,3,2,2048,1.0
full_adaptive,31,4,2,2048,3,2,2048,1.0
full_adaptive,31,5,2,2048,3,2,2048,1.0
full_adaptive,31,6,2,2048,3,2,2048,1.0
full_adaptive,31,7,2,2048,3,2,2048,1.0
full_adaptive,31,8,2,2048,3,2,2048,1.0
full_adaptive,31,9,2,2048,3,2,2048,1.0
full_adaptive,31,10,2,2048,3,2,2048,1.0
full_adaptive,31,11,2,2048,3,2,2048,1.0
full_adaptive,31,12,2,2048,3,2,2048,1.0
full_adaptive,31,13,2,2048,3,2,2048,1.0
full_adaptive,31,14,2,2048,3,2,2048,1.0
full_adaptive,31,15,2,2048,3,2,2048,1.0
full_adaptive,31,16,2,2048,3,2,2048,1.0
full_adaptive,31,17,2,2048,3,2,2048,1.0
full_adaptive,31,18,2,2048,3,2,2048,1.0
full_adaptive,31,19,2,2048,3,2,2048,1.0
full_adaptive,31,20,2,2048,3,2,2048,1.0
full_adaptive,31,21,2,2048,3,2,2048,1.0
full_adaptive,31,22,2,2048,3,2,2048,1.0
full_adaptive,31,23,2,2048,3,2,2048,1.0
full_adaptive,31,24,2,2048,3,2,2048,1.0
full_adaptive,31,25,2,2048,3,2,2048,1.0
full_adaptive,31,26,2,2048,3,2,2048,1.0
full_adaptive,31,27,2,2048,3,2,2048,1.0
full_adaptive,31,28,2,2048,3,2,2048,1.0
full_adaptive,31,29,2,2048,3,2,2048,1.0
full_adaptive,31,30,2,2048,3,2,2048,1.0
full_adaptive,31,31,2,2048,3,2,2048,1.0
full_adaptive,32,0,1,1024,2,1,1024,1.0
full_adaptive,32,1,1,1024,2,1,1024,1.0
full_adaptive,32,2,1,1024,2,1,1024,1.0
full_adaptive,32,3,1,1024,2,1,1024,1.0
full_adaptive,32,4,1,1024,2,1,1024,1.0
full_adaptive,32,5,1,1024,2,1,1024,1.0
full_adaptive,32,6,1,1024,2,1,1024,1.0
full_adaptive,32,7,1,1024,2,1,1024,1.0
full_adaptive,32,8,1,1024,2,1,1024,1.0
full_adaptive,32,9,1,1024,2,1,1024,1.0
full_adaptive,32,10,1,1024,2,1,1024,1.0
full_adaptive,32,11,1,1024,2,1,1024,1.0
full_adaptive,32,12,1,1024,2,1,1024,1.0
full_adaptive,32,13,1,1024,2,1,1024,1.0
full_adaptive,32,14,1,1024,2,1,1024,1.0
full_adaptive,32,15,1,1024,2,1,1024,1.0
full_adaptive,32,16,1,1024,2,1,1024,1.0
full_adaptive,32,17,1,1024,2,1,1024,1.0
full_adaptive,32,18,1,1024,2,1,1024,1.0
full_adaptive,32,19,1,1024,2,1,1024,1.0
full_adaptive,32,20,1,1024,2,1,1024,1.0
full_adaptive,32,21,1,1024,2,1,1024,1.0
full_adaptive,32,22,1,1024,2,1,1024,1.0
full_adaptive,32,23,1,1024,2,1,1024,1.0
full_adaptive,32,24,1,1024,2,1,1024,1.0
full_adaptive,32,25,1,1024,2,1,1024,1.0
full_adaptive,32,26,1,1024,2,1,1024,1.0
full_adaptive,32,27,1,1024,2,1,1024,1.0
full_adaptive,32,28,1,1024,2,1,1024,1.0
full_adaptive,32,29,1,1024,2,1,1024,1.0
full_adaptive,32,30,1,1024,2,1,1024,1.0
full_adaptive,32,31,1,1024,2,1,1024,1.0
full_adaptive,33,0,2,2048,3,2,2048,1.0
full_adaptive,33,1,2,2048,3,2,2048,1.0
full_adaptive,33,2,2,2048,3,2,2048,1.0
full_adaptive,33,3,2,2048,3,2,2048,1.0
full_adaptive,33,4,2,2048,3,2,2048,1.0
full_adaptive,33,5,2,2048,3,2,2048,1.0
full_adaptive,33,6,2,2048,3,2,2048,1.0
full_adaptive,33,7,2,2048,3,2,2048,1.0
full_adaptive,33,8,2,2048,3,2,2048,1.0
full_adaptive,33,9,2,2048,3,2,2048,1.0
full_adaptive,33,10,2,2048,3,2,2048,1.0
full_adaptive,33,11,2,2048,3,2,2048,1.0
full_adaptive,33,12,2,2048,3,2,2048,1.0
full_adaptive,33,13,2,2048,3,2,2048,1.0
full_adaptive,33,14,2,2048,3,2,2048,1.0
full_adaptive,33,15,2,2048,3,2,2048,1.0
full_adaptive,33,16,2,2048,3,2,2048,1.0
full_adaptive,33,17,2,2048,3,2,2048,1.0
full_adaptive,33,18,2,2048,3,2,2048,1.0
full_adaptive,33,19,2,2048,3,2,2048,1.0
full_adaptive,33,20,2,2048,3,2,2048,1.0
full_adaptive,33,21,2,2048,3,2,2048,1.0
full_adaptive,33,22,2,2048,3,2,2048,1.0
full_adaptive,33,23,2,2048,3,2,2048,1.0
full_adaptive,33,24,2,2048,3,2,2048,1.0
full_adaptive,33,25,2,2048,3,2,2048,1.0
full_adaptive,33,26,2,2048,3,2,2048,1.0
full_adaptive,33,27,2,2048,3,2,2048,1.0
full_adaptive,33,28,2,2048,3,2,2048,1.0
full_adaptive,33,29,2,2048,3,2,2048,1.0
full_adaptive,33,30,2,2048,3,2,2048,1.0
full_adaptive,33,31,2,2048,3,2,2048,1.0
full_adaptive,34,0,2,2048,3,2,2048,1.0
full_adaptive,34,1,2,2048,3,2,2048,1.0
full_adaptive,34,2,2,2048,3,2,2048,1.0
full_adaptive,34,3,2,2048,3,2,2048,1.0
full_adaptive,34,4,2,2048,3,2,2048,1.0
full_adaptive,34,5,2,2048,3,2,2048,1.0
full_adaptive,34,6,2,2048,3,2,2048,1.0
full_adaptive,34,7,2,2048,3,2,2048,1.0
full_adaptive,34,8,1,1024,2,1,1024,1.0
full_adaptive,34,9,1,1024,2,1,1024,1.0
full_adaptive,34,10,1,1024,2,1,1024,1.0
full_adaptive,34,11,1,1024,2,1,1024,1.0
full_adaptive,34,12,2,2048,3,2,2048,1.0
full_adaptive,34,13,2,2048,3,2,2048,1.0
full_adaptive,34,14,2,2048,3,2,2048,1.0
full_adaptive,34,15,2,2048,3,2,2048,1.0
full_adaptive,34,16,1,1024,2,1,1024,1.0
full_adaptive,34,17,1,1024,2,1,1024,1.0
full_adaptive,34,18,1,1024,2,1,1024,1.0
full_adaptive,34,19,1,1024,2,1,1024,1.0
full_adaptive,34,20,2,2048,3,2,2048,1.0
full_adaptive,34,21,2,2048,3,2,2048,1.0
full_adaptive,34,22,2,2048,3,2,2048,1.0
full_adaptive,34,23,2,2048,3,2,2048,1.0
full_adaptive,34,24,2,2048,3,2,2048,1.0
full_adaptive,34,25,2,2048,3,2,2048,1.0
full_adaptive,34,26,2,2048,3,2,2048,1.0
full_adaptive,34,27,2,2048,3,2,2048,1.0
full_adaptive,34,28,1,1024,2,1,1024,1.0
full_adaptive,34,29,1,1024,2,1,1024,1.0
full_adaptive,34,30,1,1024,2,1,1024,1.0
full_adaptive,34,31,1,1024,2,1,1024,1.0
full_adaptive,35,0,1,1024,1,1,1024,1.0
full_adaptive,35,1,1,1024,1,1,1024,1.0
full_adaptive,35,2,1,1024,1,1,1024,1.0
full_adaptive,35,3,1,1024,1,1,1024,1.0
full_adaptive,35,4,1,1024,1,1,1024,1.0
full_adaptive,35,5,1,1024,1,1,1024,1.0
full_adaptive,35,6,1,1024,1,1,1024,1.0
full_adaptive,35,7,1,1024,1,1,1024,1.0
full_adaptive,35,8,1,1024,1,1,1024,1.0
full_adaptive,35,9,1,1024,1,1,1024,1.0
full_adaptive,35,10,1,1024,1,1,1024,1.0
full_adaptive,35,11,1,1024,1,1,1024,1.0
full_adaptive,35,12,1,1024,1,1,1024,1.0
full_adaptive,35,13,1,1024,1,1,1024,1.0
full_adaptive,35,14,1,1024,1,1,1024,1.0
full_adaptive,35,15,1,1024,1,1,1024,1.0
full_adaptive,35,16,1,1024,1,1,1024,1.0
full_adaptive,35,17,1,1024,1,1,1024,1.0
full_adaptive,35,18,1,1024,1,1,1024,1.0
full_adaptive,35,19,1,1024,1,1,1024,1.0
full_adaptive,35,20,1,1024,1,1,1024,1.0
full_adaptive,35,21,1,1024,1,1,1024,1.0
full_adaptive,35,22,1,1024,1,1,1024,1.0
full_adaptive,35,23,1,1024,1,1,1024,1.0
full_adaptive,35,24,1,1024,1,1,1024,1.0
full_adaptive,35,25,1,1024,1,1,1024,1.0
full_adaptive,35,26,1,1024,1,1,1024,1.0
full_adaptive,35,27,1,1024,1,1,1024,1.0
full_adaptive,35,28,1,1024,1,1,1024,1.0
full_adaptive,35,29,1,1024,1,1,1024,1.0
full_adaptive,35,30,1,1024,1,1,1024,1.0
full_adaptive,35,31,1,1024,1,1,1024,1.0
