step,train_loss,tok_s,mem_mb,gpu_alloc_mb,gpu_reserved_mb,gpu_alloc_max_mb,gpu_reserved_max_mb,cpu_rss_mb,psutil_rss_mb,psutil_vms_mb,psutil_shared_mb,psutil_text_mb,psutil_data_mb,psutil_uss_mb,psutil_pss_mb,psutil_swap_mb,psutil_ram_used_mb,psutil_ram_total_mb,val_loss,val_ppl,attn_elems,attn_ratio,attn_reduction,flops_attn_est,flops_total_est,flops_ratio,flops_reduction_pct,attn_lq,attn_lk_per_layer,head_entropy,group_change_rate,avg_window,group_overlap,head_reassign_rate,group_lifespan_ema,head_groups,shadow_win_idx,shadow_logit_mean,group_heads,group_ratios,resolution_mean,resolution_std,resolution_min_frac,resolution_max_frac,resolution_collapse_min,resolution_collapse_max,resolution_delta,branch_usage_freq,attn_ratio_std_ema,flops_ratio_std_ema,lk_mean,lk_p90,w_mean,w_min,w_max,control_time_ms,control_feature_time_ms,hierarchy_time_ms,window_select_time_ms,control_mapping_time_ms,diagnostics_pack_time_ms,attn_time_ms,mask_time_ms,overhead_time_ms,step_time_ms,eval_time_s,val_group_count_total,val_group_count_level0,val_group_count_per_level,path_mode_freq,train_group_counts_per_level,controller_logits_std_per_level,win_idx_pre_clamp,win_idx_post_clamp,decision_logits_per_level,decision_logits_var_per_level,controller_input_per_level,controller_input_cos_sim_mean_per_level,controller_input_cos_sim_min_per_level,controller_input_l2_dist_mean_per_level,controller_input_dim_var_mean_per_level,decision_logits_margin_mean_per_level,decision_logits_margin_min_per_level,decision_argmax_diversity_frac_per_level,sibling_feature_delta_norm_mean_per_level,sibling_feature_delta_norm_min_per_level,sibling_feature_delta_norm_max_per_level,sibling_feature_cos_mean_per_level,sibling_feature_cos_min_per_level,sibling_logit_delta_l2_mean_per_level,sibling_logit_delta_l2_max_per_level,sibling_logit_delta_abs_mean_per_level,sibling_logit_delta_abs_max_per_level,sibling_ranking_diff_frac_per_level,sibling_top1_differ_frac_per_level,sibling_top1_ids_per_level,pairwise_bias_l2_mean_per_level,pairwise_bias_l2_max_per_level,pairwise_bias_abs_mean_per_level,pairwise_bias_abs_max_per_level,pairwise_bias_top1_changed_frac_per_level,pairwise_base_top1_ids_per_level,joint_pair_count_per_level,joint_output_delta_l2_mean_per_level,joint_output_delta_l2_max_per_level,joint_output_abs_delta_mean_per_level,joint_output_abs_delta_max_per_level,joint_top1_changed_frac_per_level,joint_base_top1_ids_per_level,joint_output_scale_per_level,decision_raw_idx_per_level,decision_parent_idx_per_level,decision_post_parent_idx_per_level,decision_differ_from_parent_frac_per_level,decision_unique_raw_idx_per_level,decision_unique_post_parent_idx_per_level,decision_non_one_raw_count_per_level,decision_non_one_post_parent_count_per_level,decision_head_idx_before_execution_mapping,decision_head_idx_after_execution_mapping,decision_unique_head_idx_before_execution_mapping,decision_unique_head_idx_after_execution_mapping,decision_head_idx_changed_by_execution_mapping_frac,decision_all_layers_unique_head_idx_before_execution_mapping,decision_all_layers_unique_head_idx_after_execution_mapping,decision_all_layers_head_idx_changed_by_execution_mapping_frac,decision_all_layers_unique_raw_idx_per_level,decision_all_layers_unique_post_parent_idx_per_level,all_layers_sibling_ranking_diff_frac_per_level,all_layers_sibling_top1_differ_frac_per_level,all_layers_sibling_top1_ids_per_level,all_layers_joint_pair_count_per_level,all_layers_joint_output_delta_l2_mean_per_level,all_layers_joint_output_abs_delta_mean_per_level,all_layers_joint_top1_changed_frac_per_level,all_layers_joint_base_top1_ids_per_level,hierarchy_head_group_map_per_level,hierarchy_group_members_per_level,cluster_metric_per_level,cluster_threshold_kind_per_level,cluster_threshold_per_level,cluster_item_count_per_level,cluster_groups_before_merge_per_level,cluster_groups_after_merge_per_level,cluster_groups_merged_per_level,cluster_sim_min_per_level,cluster_sim_mean_per_level,cluster_sim_max_per_level,cluster_sim_std_per_level,cluster_forced_bipartition_per_level,cluster_force_split_anchor_similarity_per_level,cluster_origin_per_level,cluster_forced_bipartition_allowed_per_level,cluster_groups_before_force_per_level,cluster_feature_norm_mean_per_level,cluster_feature_norm_std_per_level,cluster_feature_dim_var_mean_per_level,cluster_feature_dim_var_std_per_level,cluster_feature_l2_dist_mean_per_level,cluster_feature_l2_dist_std_per_level,cluster_feature_top_singular_ratio_per_level,hierarchy_level_added_per_level,hierarchy_growth_stopped_per_level,hierarchy_stop_reason_per_level,cluster_forced_bipartition_level0,cluster_force_split_anchor_similarity_level0
50,60.011787,10649.25,6520.85,6520.85,16756.00,15881.05,16756.00,3261.79,2172.80,32988.61,366.06,2.22,4397.58,927.47,1342.57,0.00,3265.43,56958.48,,,50331648.00,1.000000,0.000000,206158430208.00,3917010173952.00,1.000000,0.0000,512,"512,512,512,512,512,512,512,512,512,512,512,512|512,512,512,512,512,512,512,512,512,512,512,512|512,512,512,512,512,512,512,512,512,512,512,512|512,512,512,512,512,512,512,512,512,512,512,512|512,512,512,512,512,512,512,512,512,512,512,512|512,512,512,512,512,512,512,512,512,512,512,512|512,512,512,512,512,512,512,512,512,512,512,512|512,512,512,512,512,512,512,512,512,512,512,512|512,512,512,512,512,512,512,512,512,512,512,512|512,512,512,512,512,512,512,512,512,512,512,512|512,512,512,512,512,512,512,512,512,512,512,512|512,512,512,512,512,512,512,512,512,512,512,512|512,512,512,512,512,512,512,512,512,512,512,512|512,512,512,512,512,512,512,512,512,512,512,512|512,512,512,512,512,512,512,512,512,512,512,512|512,512,512,512,512,512,512,512,512,512,512,512","0.8139,0.8150,0.8145,0.8133,0.8137,0.8153,0.8124,0.8147,0.8149,0.8143,0.8136,0.8143,0.8155,0.8155,0.8151,0.8151,0.8153,0.8161,0.8159,0.8157,0.8149,0.8160,0.8152,0.8158,0.8178,0.8177,0.8168,0.8183,0.8174,0.8175,0.8175,0.8171,0.8194,0.8181,0.8191,0.8181,0.8215,0.8207,0.8218,0.8220,0.8205,0.8211,0.8218,0.8212,0.8212,0.8215,0.8216,0.8223,0.8231,0.8237,0.8225,0.8227,0.8228,0.8225,0.8232,0.8226,0.8229,0.8230,0.8233,0.8228,0.8237,0.8232,0.8236,0.8232,0.8239,0.8230,0.8237,0.8236,0.8240,0.8232,0.8234,0.8235,0.8230,0.8241,0.8237,0.8233,0.8238,0.8231,0.8227,0.8235,0.8231,0.8237,0.8246,0.8240,0.8234,0.8235,0.8238,0.8237,0.8240,0.8235,0.8233,0.8236,0.8241,0.8240,0.8248,0.8239,0.8238,0.8241,0.8237,0.8234,0.8238,0.8235,0.8239,0.8232,0.8235,0.8231,0.8240,0.8239,0.8234,0.8240,0.8239,0.8244,0.8241,0.8239,0.8245,0.8240,0.8240,0.8241,0.8236,0.8237,0.8244,0.8241,0.8243,0.8245,0.8245,0.8239,0.8242,0.8236,0.8241,0.8242,0.8237,0.8241,0.8239,0.8239,0.8235,0.8240,0.8239,0.8238,0.8238,0.8242,0.8240,0.8238,0.8237,0.8238,0.8239,0.8236,0.8236,0.8244,0.8238,0.8236,0.8238,0.8234,0.8239,0.8240,0.8241,0.8236,0.8235,0.8237,0.8236,0.8243,0.8239,0.8246,0.8240,0.8241,0.8243,0.8242,0.8235,0.8245,0.8239,0.8242,0.8236,0.8237,0.8240,0.8242,0.8241,0.8247,0.8246,0.8244,0.8244,0.8239,0.8239,0.8230,0.8236,0.8244,0.8238,0.8239,0.8242,0.8240,0.8242,0.8232,0.8239,0.8239",,512.00,,,,|||||||||||||||,|||||||||||||||,|||||||||||||||,{},{},512.00,0.00,0.00,1.00,0.00,1.00,,{'512': 1.0},0.00,0.00,512.00,512.00,512.00,512.00,512.00,0.07,0.00,0.00,0.00,0.00,0.01,4.22,0.00,2.82,223.22,,,,,{'warmup_or_disabled_control': 1.0},[],[],[],[],[],[],[],[],[],[],[],[],[],[],[],[],[],[],[],[],[],[],[],[],[],[],[],[],[],[],[],[],[],[],[],[],[],[],[],[],[],[],[],[],[],[],[],[],"[3, 3, 3, 3, 3, 3, 3, 3, 3, 3, 3, 3]","[3, 3, 3, 3, 3, 3, 3, 3, 3, 3, 3, 3]",[3],[3],0.0,"[[3], [3], [3], [3], [3], [3], [3], [3], [3], [3], [3], [3], [3], [3], [3], [3]]","[[3], [3], [3], [3], [3], [3], [3], [3], [3], [3], [3], [3], [3], [3], [3], [3]]","[0.0, 0.0, 0.0, 0.0, 0.0, 0.0, 0.0, 0.0, 0.0, 0.0, 0.0, 0.0, 0.0, 0.0, 0.0, 0.0]","[[], [], [], [], [], [], [], [], [], [], [], [], [], [], [], []]","[[], [], [], [], [], [], [], [], [], [], [], [], [], [], [], []]","[[], [], [], [], [], [], [], [], [], [], [], [], [], [], [], []]","[[], [], [], [], [], [], [], [], [], [], [], [], [], [], [], []]","[[], [], [], [], [], [], [], [], [], [], [], [], [], [], [], []]","[[], [], [], [], [], [], [], [], [], [], [], [], [], [], [], []]","[[], [], [], [], [], [], [], [], [], [], [], [], [], [], [], []]","[[], [], [], [], [], [], [], [], [], [], [], [], [], [], [], []]","[[], [], [], [], [], [], [], [], [], [], [], [], [], [], [], []]","[[], [], [], [], [], [], [], [], [], [], [], [], [], [], [], []]",[],[],[],[],[],[],[],[],[],[],[],[],[],[],[],[],[],[],[],[],[],[],[],[],[],[],[],[],,
100,53.245377,10770.85,6520.85,6520.85,16756.00,15881.05,16756.00,3261.79,2172.92,32988.61,366.06,2.22,4397.58,928.57,1343.34,0.00,3268.34,56958.48,,,50331648.00,1.000000,0.000000,206158430208.00,3917010173952.00,1.000000,0.0000,512,"512,512,512,512,512,512,512,512,512,512,512,512|512,512,512,512,512,512,512,512,512,512,512,512|512,512,512,512,512,512,512,512,512,512,512,512|512,512,512,512,512,512,512,512,512,512,512,512|512,512,512,512,512,512,512,512,512,512,512,512|512,512,512,512,512,512,512,512,512,512,512,512|512,512,512,512,512,512,512,512,512,512,512,512|512,512,512,512,512,512,512,512,512,512,512,512|512,512,512,512,512,512,512,512,512,512,512,512|512,512,512,512,512,512,512,512,512,512,512,512|512,512,512,512,512,512,512,512,512,512,512,512|512,512,512,512,512,512,512,512,512,512,512,512|512,512,512,512,512,512,512,512,512,512,512,512|512,512,512,512,512,512,512,512,512,512,512,512|512,512,512,512,512,512,512,512,512,512,512,512|512,512,512,512,512,512,512,512,512,512,512,512","0.8136,0.8140,0.8134,0.8090,0.8126,0.8142,0.8075,0.8144,0.8137,0.8135,0.8122,0.8126,0.8157,0.8157,0.8161,0.8147,0.8161,0.8158,0.8148,0.8159,0.8158,0.8149,0.8161,0.8155,0.8202,0.8207,0.8198,0.8201,0.8196,0.8201,0.8203,0.8190,0.8204,0.8199,0.8213,0.8197,0.8228,0.8224,0.8226,0.8228,0.8222,0.8227,0.8224,0.8220,0.8230,0.8222,0.8233,0.8229,0.8232,0.8236,0.8231,0.8239,0.8236,0.8237,0.8240,0.8231,0.8234,0.8235,0.8237,0.8231,0.8240,0.8238,0.8231,0.8236,0.8236,0.8231,0.8237,0.8236,0.8234,0.8236,0.8230,0.8238,0.8240,0.8234,0.8238,0.8238,0.8234,0.8235,0.8232,0.8232,0.8236,0.8239,0.8233,0.8238,0.8237,0.8238,0.8241,0.8242,0.8233,0.8239,0.8232,0.8234,0.8234,0.8239,0.8235,0.8238,0.8245,0.8241,0.8235,0.8237,0.8236,0.8239,0.8239,0.8241,0.8239,0.8234,0.8235,0.8237,0.8238,0.8239,0.8241,0.8238,0.8238,0.8234,0.8242,0.8232,0.8242,0.8233,0.8237,0.8239,0.8243,0.8238,0.8240,0.8238,0.8240,0.8237,0.8239,0.8237,0.8239,0.8240,0.8243,0.8244,0.8242,0.8239,0.8235,0.8237,0.8245,0.8237,0.8239,0.8240,0.8241,0.8239,0.8249,0.8241,0.8241,0.8239,0.8237,0.8236,0.8240,0.8239,0.8239,0.8236,0.8241,0.8242,0.8239,0.8245,0.8241,0.8242,0.8241,0.8240,0.8242,0.8240,0.8235,0.8242,0.8238,0.8236,0.8237,0.8236,0.8236,0.8240,0.8244,0.8246,0.8243,0.8241,0.8241,0.8234,0.8235,0.8239,0.8237,0.8247,0.8236,0.8247,0.8245,0.8239,0.8243,0.8242,0.8238,0.8242,0.8240,0.8246,0.8236,0.8241",,512.00,,,,|||||||||||||||,|||||||||||||||,|||||||||||||||,{},{},512.00,0.00,0.00,1.00,0.00,1.00,,{'512': 1.0},0.00,0.00,512.00,512.00,512.00,512.00,512.00,0.07,0.00,0.00,0.00,0.00,0.01,4.26,0.00,2.95,229.28,,,,,{'warmup_or_disabled_control': 1.0},[],[],[],[],[],[],[],[],[],[],[],[],[],[],[],[],[],[],[],[],[],[],[],[],[],[],[],[],[],[],[],[],[],[],[],[],[],[],[],[],[],[],[],[],[],[],[],[],"[3, 3, 3, 3, 3, 3, 3, 3, 3, 3, 3, 3]","[3, 3, 3, 3, 3, 3, 3, 3, 3, 3, 3, 3]",[3],[3],0.0,"[[3], [3], [3], [3], [3], [3], [3], [3], [3], [3], [3], [3], [3], [3], [3], [3]]","[[3], [3], [3], [3], [3], [3], [3], [3], [3], [3], [3], [3], [3], [3], [3], [3]]","[0.0, 0.0, 0.0, 0.0, 0.0, 0.0, 0.0, 0.0, 0.0, 0.0, 0.0, 0.0, 0.0, 0.0, 0.0, 0.0]","[[], [], [], [], [], [], [], [], [], [], [], [], [], [], [], []]","[[], [], [], [], [], [], [], [], [], [], [], [], [], [], [], []]","[[], [], [], [], [], [], [], [], [], [], [], [], [], [], [], []]","[[], [], [], [], [], [], [], [], [], [], [], [], [], [], [], []]","[[], [], [], [], [], [], [], [], [], [], [], [], [], [], [], []]","[[], [], [], [], [], [], [], [], [], [], [], [], [], [], [], []]","[[], [], [], [], [], [], [], [], [], [], [], [], [], [], [], []]","[[], [], [], [], [], [], [], [], [], [], [], [], [], [], [], []]","[[], [], [], [], [], [], [], [], [], [], [], [], [], [], [], []]","[[], [], [], [], [], [], [], [], [], [], [], [], [], [], [], []]",[],[],[],[],[],[],[],[],[],[],[],[],[],[],[],[],[],[],[],[],[],[],[],[],[],[],[],[],,
150,50.244770,9534.25,6523.87,6523.87,16760.00,15884.04,16760.00,3261.79,2190.68,33175.27,383.54,2.22,4398.11,1058.76,1436.06,0.00,3380.96,56958.48,,,23592960.00,0.468750,0.531250,96636764160.00,3807488507904.00,0.972039,2.7961,512,"512,512,512,512,512,512,512,512,512,512,512,512|256,256,256,256,256,256,256,256,256,256,256,256|256,256,256,256,256,256,256,256,256,256,256,256|128,128,128,128,128,128,128,128,128,128,128,128|128,128,128,128,128,128,128,128,128,128,128,128|512,512,512,512,512,512,512,512,512,512,512,512|256,256,256,256,256,256,256,256,256,256,256,256|128,128,128,128,128,128,128,128,128,128,128,128|512,512,512,512,512,512,512,512,512,512,512,512|128,128,128,128,128,128,128,128,128,128,128,128|256,256,256,256,256,256,256,256,256,256,256,256|64,64,64,64,64,64,64,64,64,64,64,64|64,64,64,64,64,64,64,64,64,64,64,64|64,64,64,64,64,64,64,64,64,64,64,64|512,512,512,512,512,512,512,512,512,512,512,512|64,64,64,64,64,64,64,64,64,64,64,64","0.8127,0.8132,0.8130,0.8011,0.8110,0.8142,0.8049,0.8135,0.8114,0.8127,0.8048,0.8118,0.7853,0.7840,0.7854,0.7847,0.7848,0.7836,0.7837,0.7844,0.7835,0.7836,0.7846,0.7843,0.7906,0.7898,0.7907,0.7906,0.7898,0.7910,0.7899,0.7895,0.7907,0.7903,0.7909,0.7907,0.7207,0.7207,0.7204,0.7211,0.7199,0.7203,0.7210,0.7211,0.7209,0.7202,0.7214,0.7216,0.7216,0.7220,0.7213,0.7218,0.7218,0.7215,0.7219,0.7215,0.7212,0.7216,0.7224,0.7218,0.8245,0.8233,0.8234,0.8240,0.8234,0.8236,0.8231,0.8237,0.8240,0.8240,0.8235,0.8234,0.7924,0.7934,0.7922,0.7935,0.7927,0.7931,0.7925,0.7928,0.7927,0.7931,0.7932,0.7930,0.7216,0.7216,0.7215,0.7216,0.7202,0.7222,0.7218,0.7221,0.7223,0.7211,0.7211,0.7214,0.8236,0.8244,0.8242,0.8239,0.8229,0.8241,0.8241,0.8238,0.8239,0.8239,0.8239,0.8238,0.7214,0.7210,0.7220,0.7221,0.7220,0.7206,0.7225,0.7224,0.7219,0.7217,0.7222,0.7216,0.7931,0.7935,0.7933,0.7927,0.7924,0.7926,0.7933,0.7923,0.7929,0.7927,0.7932,0.7931,0.6303,0.6307,0.6310,0.6309,0.6308,0.6303,0.6302,0.6308,0.6300,0.6308,0.6296,0.6303,0.6312,0.6309,0.6315,0.6310,0.6311,0.6303,0.6311,0.6308,0.6304,0.6314,0.6305,0.6307,0.6305,0.6302,0.6309,0.6302,0.6302,0.6300,0.6308,0.6308,0.6309,0.6307,0.6298,0.6310,0.8242,0.8238,0.8237,0.8245,0.8238,0.8230,0.8235,0.8234,0.8241,0.8239,0.8242,0.8242,0.6310,0.6305,0.6302,0.6299,0.6306,0.6308,0.6300,0.6311,0.6305,0.6314,0.6304,0.6311",,240.00,,,,|||||||||||||||,|||||||||||||||,|||||||||||||||,{},{},240.00,0.00,0.25,0.25,0.25,0.25,0.00,"{'512': 0.25, '256': 0.25, '128': 0.25, '64': 0.25}",0.25,0.01,240.00,240.00,240.00,64.00,512.00,4.78,4.23,0.00,0.20,0.00,0.01,4.21,0.00,5.47,269.73,,,,,{'ungrouped_control_update': 1.0},[12],[0.17307448387145996],"[3, 3, 3, 3, 3, 3, 3, 3, 3, 3, 3, 3]","[3, 3, 3, 3, 3, 3, 3, 3, 3, 3, 3, 3]",[],[],[],[],[],[],[],[],[],[],[],[],[],[],[],[],[],[],[],[],[],[],[],[],[],[],[],[],[],[],[],[],[],[],[],[],[],[],[],[],[],[],[],[],"[3, 3, 3, 3, 3, 3, 3, 3, 3, 3, 3, 3]","[3, 3, 3, 3, 3, 3, 3, 3, 3, 3, 3, 3]",[3],[3],0.0,"[[3], [2], [2], [1], [1], [3], [2], [1], [3], [1], [2], [0], [0], [0], [3], [0]]","[[3], [2], [2], [1], [1], [3], [2], [1], [3], [1], [2], [0], [0], [0], [3], [0]]","[0.0, 0.0, 0.0, 0.0, 0.0, 0.0, 0.0, 0.0, 0.0, 0.0, 0.0, 0.0, 0.0, 0.0, 0.0, 0.0]","[[], [], [], [], [], [], [], [], [], [], [], [], [], [], [], []]","[[], [], [], [], [], [], [], [], [], [], [], [], [], [], [], []]","[[], [], [], [], [], [], [], [], [], [], [], [], [], [], [], []]","[[], [], [], [], [], [], [], [], [], [], [], [], [], [], [], []]","[[], [], [], [], [], [], [], [], [], [], [], [], [], [], [], []]","[[], [], [], [], [], [], [], [], [], [], [], [], [], [], [], []]","[[], [], [], [], [], [], [], [], [], [], [], [], [], [], [], []]","[[], [], [], [], [], [], [], [], [], [], [], [], [], [], [], []]","[[], [], [], [], [], [], [], [], [], [], [], [], [], [], [], []]","[[], [], [], [], [], [], [], [], [], [], [], [], [], [], [], []]",[],[],[],[],[],[],[],[],[],[],[],[],[],[],[],[],[],[],[],[],[],[],[],[],[],[],[],[],,
200,32.905190,9558.93,6523.87,6523.87,16760.00,15884.04,16760.00,3261.79,2190.69,33175.27,383.54,2.22,4398.11,1059.22,1436.37,0.00,3382.61,56958.48,,,23592960.00,0.468750,0.531250,96636764160.00,3807488507904.00,0.972039,2.7961,512,"512,512,512,512,512,512,512,512,512,512,512,512|256,256,256,256,256,256,256,256,256,256,256,256|256,256,256,256,256,256,256,256,256,256,256,256|128,128,128,128,128,128,128,128,128,128,128,128|128,128,128,128,128,128,128,128,128,128,128,128|512,512,512,512,512,512,512,512,512,512,512,512|256,256,256,256,256,256,256,256,256,256,256,256|128,128,128,128,128,128,128,128,128,128,128,128|512,512,512,512,512,512,512,512,512,512,512,512|128,128,128,128,128,128,128,128,128,128,128,128|256,256,256,256,256,256,256,256,256,256,256,256|64,64,64,64,64,64,64,64,64,64,64,64|64,64,64,64,64,64,64,64,64,64,64,64|64,64,64,64,64,64,64,64,64,64,64,64|512,512,512,512,512,512,512,512,512,512,512,512|64,64,64,64,64,64,64,64,64,64,64,64","0.8122,0.8124,0.8119,0.7852,0.8093,0.8136,0.7995,0.8141,0.8072,0.8106,0.7898,0.8086,0.7838,0.7839,0.7847,0.7834,0.7844,0.7838,0.7823,0.7833,0.7836,0.7825,0.7842,0.7840,0.7911,0.7900,0.7903,0.7906,0.7899,0.7906,0.7899,0.7892,0.7911,0.7903,0.7908,0.7909,0.7210,0.7211,0.7206,0.7209,0.7216,0.7208,0.7209,0.7205,0.7209,0.7207,0.7208,0.7206,0.7222,0.7211,0.7211,0.7210,0.7210,0.7213,0.7214,0.7211,0.7216,0.7221,0.7216,0.7221,0.8236,0.8238,0.8237,0.8235,0.8235,0.8243,0.8240,0.8242,0.8234,0.8240,0.8241,0.8234,0.7925,0.7925,0.7927,0.7931,0.7930,0.7924,0.7921,0.7930,0.7933,0.7928,0.7928,0.7923,0.7215,0.7217,0.7211,0.7216,0.7219,0.7220,0.7221,0.7216,0.7218,0.7218,0.7216,0.7222,0.8236,0.8241,0.8244,0.8237,0.8241,0.8235,0.8247,0.8242,0.8243,0.8242,0.8238,0.8235,0.7217,0.7214,0.7218,0.7217,0.7219,0.7218,0.7223,0.7212,0.7224,0.7217,0.7215,0.7217,0.7930,0.7931,0.7929,0.7926,0.7925,0.7923,0.7928,0.7924,0.7933,0.7923,0.7926,0.7929,0.6297,0.6307,0.6298,0.6307,0.6308,0.6313,0.6309,0.6299,0.6301,0.6294,0.6297,0.6311,0.6310,0.6301,0.6310,0.6308,0.6298,0.6304,0.6302,0.6306,0.6310,0.6308,0.6303,0.6304,0.6308,0.6306,0.6300,0.6299,0.6309,0.6304,0.6311,0.6303,0.6308,0.6305,0.6300,0.6305,0.8237,0.8242,0.8240,0.8237,0.8237,0.8238,0.8238,0.8239,0.8240,0.8239,0.8240,0.8234,0.6304,0.6308,0.6312,0.6300,0.6307,0.6303,0.6310,0.6308,0.6306,0.6310,0.6305,0.6303",,240.00,,,,|||||||||||||||,|||||||||||||||,|||||||||||||||,{},{},240.00,0.00,0.25,0.25,0.25,0.25,0.00,"{'512': 0.25, '256': 0.25, '128': 0.25, '64': 0.25}",0.27,0.01,240.00,240.00,240.00,64.00,512.00,4.78,4.23,0.00,0.20,0.00,0.01,4.22,0.00,5.48,270.71,,,,,{'ungrouped_control_update': 1.0},[12],[0.17443174123764038],"[3, 3, 3, 3, 3, 3, 3, 3, 3, 3, 3, 3]","[3, 3, 3, 3, 3, 3, 3, 3, 3, 3, 3, 3]",[],[],[],[],[],[],[],[],[],[],[],[],[],[],[],[],[],[],[],[],[],[],[],[],[],[],[],[],[],[],[],[],[],[],[],[],[],[],[],[],[],[],[],[],"[3, 3, 3, 3, 3, 3, 3, 3, 3, 3, 3, 3]","[3, 3, 3, 3, 3, 3, 3, 3, 3, 3, 3, 3]",[3],[3],0.0,"[[3], [2], [2], [1], [1], [3], [2], [1], [3], [1], [2], [0], [0], [0], [3], [0]]","[[3], [2], [2], [1], [1], [3], [2], [1], [3], [1], [2], [0], [0], [0], [3], [0]]","[0.0, 0.0, 0.0, 0.0, 0.0, 0.0, 0.0, 0.0, 0.0, 0.0, 0.0, 0.0, 0.0, 0.0, 0.0, 0.0]","[[], [], [], [], [], [], [], [], [], [], [], [], [], [], [], []]","[[], [], [], [], [], [], [], [], [], [], [], [], [], [], [], []]","[[], [], [], [], [], [], [], [], [], [], [], [], [], [], [], []]","[[], [], [], [], [], [], [], [], [], [], [], [], [], [], [], []]","[[], [], [], [], [], [], [], [], [], [], [], [], [], [], [], []]","[[], [], [], [], [], [], [], [], [], [], [], [], [], [], [], []]","[[], [], [], [], [], [], [], [], [], [], [], [], [], [], [], []]","[[], [], [], [], [], [], [], [], [], [], [], [], [], [], [], []]","[[], [], [], [], [], [], [], [], [], [], [], [], [], [], [], []]","[[], [], [], [], [], [], [], [], [], [], [], [], [], [], [], []]",[],[],[],[],[],[],[],[],[],[],[],[],[],[],[],[],[],[],[],[],[],[],[],[],[],[],[],[],,
250,23.906408,9472.80,6523.87,6523.87,16760.00,15884.04,16760.00,3261.79,2190.70,33175.27,383.54,2.22,4398.11,1059.57,1436.61,0.00,3382.95,56958.48,,,23592960.00,0.468750,0.531250,96636764160.00,3807488507904.00,0.972039,2.7961,512,"512,512,512,512,512,512,512,512,512,512,512,512|256,256,256,256,256,256,256,256,256,256,256,256|256,256,256,256,256,256,256,256,256,256,256,256|128,128,128,128,128,128,128,128,128,128,128,128|128,128,128,128,128,128,128,128,128,128,128,128|512,512,512,512,512,512,512,512,512,512,512,512|256,256,256,256,256,256,256,256,256,256,256,256|128,128,128,128,128,128,128,128,128,128,128,128|512,512,512,512,512,512,512,512,512,512,512,512|128,128,128,128,128,128,128,128,128,128,128,128|256,256,256,256,256,256,256,256,256,256,256,256|64,64,64,64,64,64,64,64,64,64,64,64|64,64,64,64,64,64,64,64,64,64,64,64|64,64,64,64,64,64,64,64,64,64,64,64|512,512,512,512,512,512,512,512,512,512,512,512|64,64,64,64,64,64,64,64,64,64,64,64","0.8090,0.8064,0.8087,0.7655,0.8032,0.8131,0.7944,0.8127,0.8011,0.8013,0.7716,0.8046,0.7832,0.7831,0.7845,0.7832,0.7847,0.7831,0.7820,0.7830,0.7835,0.7820,0.7849,0.7835,0.7907,0.7911,0.7905,0.7910,0.7900,0.7904,0.7912,0.7894,0.7916,0.7910,0.7911,0.7907,0.7215,0.7211,0.7211,0.7215,0.7211,0.7214,0.7213,0.7208,0.7212,0.7216,0.7213,0.7210,0.7216,0.7216,0.7215,0.7211,0.7210,0.7220,0.7209,0.7211,0.7213,0.7217,0.7217,0.7221,0.8237,0.8234,0.8239,0.8235,0.8238,0.8232,0.8238,0.8243,0.8233,0.8235,0.8240,0.8240,0.7929,0.7931,0.7924,0.7926,0.7930,0.7930,0.7934,0.7927,0.7926,0.7927,0.7931,0.7926,0.7217,0.7218,0.7225,0.7214,0.7215,0.7216,0.7226,0.7218,0.7216,0.7216,0.7212,0.7208,0.8241,0.8237,0.8230,0.8242,0.8243,0.8239,0.8245,0.8237,0.8242,0.8241,0.8240,0.8239,0.7223,0.7225,0.7221,0.7218,0.7223,0.7213,0.7219,0.7217,0.7221,0.7221,0.7222,0.7215,0.7929,0.7928,0.7931,0.7928,0.7926,0.7921,0.7927,0.7933,0.7930,0.7932,0.7933,0.7927,0.6306,0.6314,0.6302,0.6307,0.6305,0.6311,0.6304,0.6310,0.6306,0.6309,0.6299,0.6304,0.6301,0.6306,0.6311,0.6307,0.6308,0.6309,0.6311,0.6300,0.6303,0.6304,0.6301,0.6301,0.6309,0.6310,0.6307,0.6306,0.6300,0.6313,0.6308,0.6303,0.6310,0.6305,0.6303,0.6306,0.8244,0.8239,0.8244,0.8246,0.8241,0.8236,0.8242,0.8240,0.8244,0.8245,0.8240,0.8241,0.6309,0.6303,0.6306,0.6298,0.6309,0.6299,0.6306,0.6306,0.6304,0.6310,0.6310,0.6305",,240.00,,,,|||||||||||||||,|||||||||||||||,|||||||||||||||,{},{},240.00,0.00,0.25,0.25,0.25,0.25,0.00,"{'512': 0.25, '256': 0.25, '128': 0.25, '64': 0.25}",0.26,0.01,240.00,240.00,240.00,64.00,512.00,5.08,4.53,0.00,0.20,0.00,0.01,4.27,0.00,5.81,277.43,,,,,{'ungrouped_control_update': 1.0},[12],[0.17943580448627472],"[3, 3, 3, 3, 3, 3, 3, 3, 3, 3, 3, 3]","[3, 3, 3, 3, 3, 3, 3, 3, 3, 3, 3, 3]",[],[],[],[],[],[],[],[],[],[],[],[],[],[],[],[],[],[],[],[],[],[],[],[],[],[],[],[],[],[],[],[],[],[],[],[],[],[],[],[],[],[],[],[],"[3, 3, 3, 3, 3, 3, 3, 3, 3, 3, 3, 3]","[3, 3, 3, 3, 3, 3, 3, 3, 3, 3, 3, 3]",[3],[3],0.0,"[[3], [2], [2], [1], [1], [3], [2], [1], [3], [1], [2], [0], [0], [0], [3], [0]]","[[3], [2], [2], [1], [1], [3], [2], [1], [3], [1], [2], [0], [0], [0], [3], [0]]","[0.0, 0.0, 0.0, 0.0, 0.0, 0.0, 0.0, 0.0, 0.0, 0.0, 0.0, 0.0, 0.0, 0.0, 0.0, 0.0]","[[], [], [], [], [], [], [], [], [], [], [], [], [], [], [], []]","[[], [], [], [], [], [], [], [], [], [], [], [], [], [], [], []]","[[], [], [], [], [], [], [], [], [], [], [], [], [], [], [], []]","[[], [], [], [], [], [], [], [], [], [], [], [], [], [], [], []]","[[], [], [], [], [], [], [], [], [], [], [], [], [], [], [], []]","[[], [], [], [], [], [], [], [], [], [], [], [], [], [], [], []]","[[], [], [], [], [], [], [], [], [], [], [], [], [], [], [], []]","[[], [], [], [], [], [], [], [], [], [], [], [], [], [], [], []]","[[], [], [], [], [], [], [], [], [], [], [], [], [], [], [], []]","[[], [], [], [], [], [], [], [], [], [], [], [], [], [], [], []]",[],[],[],[],[],[],[],[],[],[],[],[],[],[],[],[],[],[],[],[],[],[],[],[],[],[],[],[],,
300,20.781918,9493.21,6523.87,6523.87,16760.00,15884.04,16760.00,3261.79,2190.72,33175.27,383.54,2.22,4398.11,1059.76,1436.74,0.00,3382.32,56958.48,,,23592960.00,0.468750,0.531250,96636764160.00,3807488507904.00,0.972039,2.7961,512,"512,512,512,512,512,512,512,512,512,512,512,512|256,256,256,256,256,256,256,256,256,256,256,256|256,256,256,256,256,256,256,256,256,256,256,256|128,128,128,128,128,128,128,128,128,128,128,128|128,128,128,128,128,128,128,128,128,128,128,128|512,512,512,512,512,512,512,512,512,512,512,512|256,256,256,256,256,256,256,256,256,256,256,256|128,128,128,128,128,128,128,128,128,128,128,128|512,512,512,512,512,512,512,512,512,512,512,512|128,128,128,128,128,128,128,128,128,128,128,128|256,256,256,256,256,256,256,256,256,256,256,256|64,64,64,64,64,64,64,64,64,64,64,64|64,64,64,64,64,64,64,64,64,64,64,64|64,64,64,64,64,64,64,64,64,64,64,64|512,512,512,512,512,512,512,512,512,512,512,512|64,64,64,64,64,64,64,64,64,64,64,64","0.8071,0.8085,0.8064,0.7349,0.7999,0.8133,0.7832,0.8127,0.7817,0.7962,0.7459,0.8023,0.7844,0.7832,0.7849,0.7840,0.7845,0.7838,0.7823,0.7843,0.7839,0.7831,0.7849,0.7830,0.7913,0.7905,0.7902,0.7918,0.7905,0.7911,0.7908,0.7905,0.7913,0.7916,0.7913,0.7913,0.7214,0.7209,0.7217,0.7209,0.7209,0.7212,0.7211,0.7214,0.7212,0.7210,0.7211,0.7214,0.7217,0.7215,0.7216,0.7218,0.7211,0.7214,0.7221,0.7207,0.7209,0.7213,0.7217,0.7216,0.8235,0.8241,0.8238,0.8243,0.8240,0.8236,0.8232,0.8239,0.8244,0.8239,0.8239,0.8243,0.7924,0.7927,0.7932,0.7930,0.7930,0.7929,0.7930,0.7928,0.7927,0.7932,0.7924,0.7930,0.7213,0.7214,0.7222,0.7217,0.7216,0.7220,0.7215,0.7217,0.7214,0.7215,0.7217,0.7217,0.8234,0.8241,0.8241,0.8236,0.8248,0.8236,0.8240,0.8240,0.8238,0.8237,0.8239,0.8243,0.7217,0.7219,0.7216,0.7219,0.7215,0.7219,0.7215,0.7218,0.7212,0.7219,0.7221,0.7220,0.7928,0.7933,0.7935,0.7928,0.7930,0.7930,0.7929,0.7927,0.7930,0.7929,0.7932,0.7930,0.6305,0.6310,0.6306,0.6307,0.6305,0.6302,0.6293,0.6307,0.6304,0.6304,0.6301,0.6305,0.6305,0.6307,0.6310,0.6305,0.6303,0.6304,0.6304,0.6310,0.6309,0.6307,0.6299,0.6317,0.6308,0.6309,0.6310,0.6307,0.6310,0.6305,0.6307,0.6306,0.6302,0.6310,0.6308,0.6303,0.8244,0.8244,0.8241,0.8239,0.8241,0.8235,0.8238,0.8244,0.8246,0.8243,0.8247,0.8237,0.6312,0.6299,0.6305,0.6299,0.6304,0.6306,0.6301,0.6308,0.6301,0.6313,0.6308,0.6305",,240.00,,,,|||||||||||||||,|||||||||||||||,|||||||||||||||,{},{},240.00,0.00,0.25,0.25,0.25,0.25,0.00,"{'512': 0.25, '256': 0.25, '128': 0.25, '64': 0.25}",0.25,0.01,240.00,240.00,240.00,64.00,512.00,5.07,4.51,0.00,0.22,0.00,0.01,4.27,0.00,5.83,277.49,,,,,{'ungrouped_control_update': 1.0},[12],[0.18417787551879883],"[3, 3, 3, 3, 3, 3, 3, 3, 3, 3, 3, 3]","[3, 3, 3, 3, 3, 3, 3, 3, 3, 3, 3, 3]",[],[],[],[],[],[],[],[],[],[],[],[],[],[],[],[],[],[],[],[],[],[],[],[],[],[],[],[],[],[],[],[],[],[],[],[],[],[],[],[],[],[],[],[],"[3, 3, 3, 3, 3, 3, 3, 3, 3, 3, 3, 3]","[3, 3, 3, 3, 3, 3, 3, 3, 3, 3, 3, 3]",[3],[3],0.0,"[[3], [2], [2], [1], [1], [3], [2], [1], [3], [1], [2], [0], [0], [0], [3], [0]]","[[3], [2], [2], [1], [1], [3], [2], [1], [3], [1], [2], [0], [0], [0], [3], [0]]","[0.0, 0.0, 0.0, 0.0, 0.0, 0.0, 0.0, 0.0, 0.0, 0.0, 0.0, 0.0, 0.0, 0.0, 0.0, 0.0]","[[], [], [], [], [], [], [], [], [], [], [], [], [], [], [], []]","[[], [], [], [], [], [], [], [], [], [], [], [], [], [], [], []]","[[], [], [], [], [], [], [], [], [], [], [], [], [], [], [], []]","[[], [], [], [], [], [], [], [], [], [], [], [], [], [], [], []]","[[], [], [], [], [], [], [], [], [], [], [], [], [], [], [], []]","[[], [], [], [], [], [], [], [], [], [], [], [], [], [], [], []]","[[], [], [], [], [], [], [], [], [], [], [], [], [], [], [], []]","[[], [], [], [], [], [], [], [], [], [], [], [], [], [], [], []]","[[], [], [], [], [], [], [], [], [], [], [], [], [], [], [], []]","[[], [], [], [], [], [], [], [], [], [], [], [], [], [], [], []]",[],[],[],[],[],[],[],[],[],[],[],[],[],[],[],[],[],[],[],[],[],[],[],[],[],[],[],[],,
350,18.289492,9469.59,6523.87,6523.87,16760.00,15884.04,16760.00,3261.79,2190.72,33175.27,383.54,2.22,4398.11,1059.93,1436.85,0.00,3385.80,56958.48,,,23592960.00,0.468750,0.531250,96636764160.00,3807488507904.00,0.972039,2.7961,512,"512,512,512,512,512,512,512,512,512,512,512,512|256,256,256,256,256,256,256,256,256,256,256,256|256,256,256,256,256,256,256,256,256,256,256,256|128,128,128,128,128,128,128,128,128,128,128,128|128,128,128,128,128,128,128,128,128,128,128,128|512,512,512,512,512,512,512,512,512,512,512,512|256,256,256,256,256,256,256,256,256,256,256,256|128,128,128,128,128,128,128,128,128,128,128,128|512,512,512,512,512,512,512,512,512,512,512,512|128,128,128,128,128,128,128,128,128,128,128,128|256,256,256,256,256,256,256,256,256,256,256,256|64,64,64,64,64,64,64,64,64,64,64,64|64,64,64,64,64,64,64,64,64,64,64,64|64,64,64,64,64,64,64,64,64,64,64,64|512,512,512,512,512,512,512,512,512,512,512,512|64,64,64,64,64,64,64,64,64,64,64,64","0.7946,0.8041,0.7935,0.7065,0.7889,0.8136,0.7642,0.8118,0.7626,0.7738,0.6981,0.7961,0.7845,0.7845,0.7849,0.7828,0.7849,0.7833,0.7826,0.7832,0.7845,0.7831,0.7853,0.7831,0.7908,0.7914,0.7906,0.7915,0.7908,0.7913,0.7907,0.7910,0.7917,0.7915,0.7914,0.7909,0.7213,0.7211,0.7209,0.7213,0.7212,0.7216,0.7208,0.7207,0.7207,0.7209,0.7212,0.7210,0.7212,0.7215,0.7209,0.7211,0.7209,0.7216,0.7211,0.7224,0.7218,0.7211,0.7212,0.7214,0.8235,0.8239,0.8235,0.8240,0.8239,0.8234,0.8237,0.8239,0.8237,0.8235,0.8237,0.8234,0.7928,0.7929,0.7932,0.7933,0.7933,0.7930,0.7928,0.7927,0.7926,0.7927,0.7931,0.7927,0.7213,0.7216,0.7217,0.7216,0.7225,0.7214,0.7216,0.7215,0.7217,0.7215,0.7218,0.7219,0.8241,0.8236,0.8240,0.8236,0.8244,0.8244,0.8236,0.8240,0.8237,0.8235,0.8241,0.8236,0.7218,0.7213,0.7216,0.7219,0.7215,0.7212,0.7215,0.7217,0.7216,0.7216,0.7214,0.7215,0.7929,0.7931,0.7927,0.7928,0.7930,0.7929,0.7928,0.7932,0.7927,0.7932,0.7924,0.7928,0.6306,0.6302,0.6309,0.6310,0.6305,0.6307,0.6308,0.6311,0.6302,0.6305,0.6306,0.6311,0.6306,0.6305,0.6310,0.6299,0.6308,0.6306,0.6306,0.6317,0.6301,0.6305,0.6301,0.6309,0.6304,0.6306,0.6311,0.6312,0.6307,0.6302,0.6310,0.6313,0.6316,0.6306,0.6308,0.6305,0.8241,0.8238,0.8236,0.8238,0.8243,0.8240,0.8240,0.8243,0.8240,0.8241,0.8240,0.8242,0.6300,0.6299,0.6312,0.6310,0.6300,0.6308,0.6308,0.6299,0.6306,0.6307,0.6317,0.6308",,240.00,,,,|||||||||||||||,|||||||||||||||,|||||||||||||||,{},{},240.00,0.00,0.25,0.25,0.25,0.25,0.00,"{'512': 0.25, '256': 0.25, '128': 0.25, '64': 0.25}",0.24,0.01,240.00,240.00,240.00,64.00,512.00,4.87,4.31,0.00,0.21,0.00,0.01,4.24,0.00,5.58,276.15,,,,,{'ungrouped_control_update': 1.0},[12],[0.20283930003643036],"[3, 3, 3, 3, 3, 3, 3, 3, 3, 3, 3, 3]","[3, 3, 3, 3, 3, 3, 3, 3, 3, 3, 3, 3]",[],[],[],[],[],[],[],[],[],[],[],[],[],[],[],[],[],[],[],[],[],[],[],[],[],[],[],[],[],[],[],[],[],[],[],[],[],[],[],[],[],[],[],[],"[3, 3, 3, 3, 3, 3, 3, 3, 3, 3, 3, 3]","[3, 3, 3, 3, 3, 3, 3, 3, 3, 3, 3, 3]",[3],[3],0.0,"[[3], [2], [2], [1], [1], [3], [2], [1], [3], [1], [2], [0], [0], [0], [3], [0]]","[[3], [2], [2], [1], [1], [3], [2], [1], [3], [1], [2], [0], [0], [0], [3], [0]]","[0.0, 0.0, 0.0, 0.0, 0.0, 0.0, 0.0, 0.0, 0.0, 0.0, 0.0, 0.0, 0.0, 0.0, 0.0, 0.0]","[[], [], [], [], [], [], [], [], [], [], [], [], [], [], [], []]","[[], [], [], [], [], [], [], [], [], [], [], [], [], [], [], []]","[[], [], [], [], [], [], [], [], [], [], [], [], [], [], [], []]","[[], [], [], [], [], [], [], [], [], [], [], [], [], [], [], []]","[[], [], [], [], [], [], [], [], [], [], [], [], [], [], [], []]","[[], [], [], [], [], [], [], [], [], [], [], [], [], [], [], []]","[[], [], [], [], [], [], [], [], [], [], [], [], [], [], [], []]","[[], [], [], [], [], [], [], [], [], [], [], [], [], [], [], []]","[[], [], [], [], [], [], [], [], [], [], [], [], [], [], [], []]","[[], [], [], [], [], [], [], [], [], [], [], [], [], [], [], []]",[],[],[],[],[],[],[],[],[],[],[],[],[],[],[],[],[],[],[],[],[],[],[],[],[],[],[],[],,
400,16.190582,9479.01,6523.87,6523.87,16760.00,15884.04,16760.00,3261.79,2190.72,33175.27,383.54,2.22,4398.11,1060.08,1436.95,0.00,3387.39,56958.48,,,23592960.00,0.468750,0.531250,96636764160.00,3807488507904.00,0.972039,2.7961,512,"512,512,512,512,512,512,512,512,512,512,512,512|256,256,256,256,256,256,256,256,256,256,256,256|256,256,256,256,256,256,256,256,256,256,256,256|128,128,128,128,128,128,128,128,128,128,128,128|128,128,128,128,128,128,128,128,128,128,128,128|512,512,512,512,512,512,512,512,512,512,512,512|256,256,256,256,256,256,256,256,256,256,256,256|128,128,128,128,128,128,128,128,128,128,128,128|512,512,512,512,512,512,512,512,512,512,512,512|128,128,128,128,128,128,128,128,128,128,128,128|256,256,256,256,256,256,256,256,256,256,256,256|64,64,64,64,64,64,64,64,64,64,64,64|64,64,64,64,64,64,64,64,64,64,64,64|64,64,64,64,64,64,64,64,64,64,64,64|512,512,512,512,512,512,512,512,512,512,512,512|64,64,64,64,64,64,64,64,64,64,64,64","0.7831,0.7974,0.7840,0.6869,0.7790,0.8128,0.7526,0.8099,0.7514,0.7404,0.7013,0.7897,0.7841,0.7839,0.7857,0.7818,0.7842,0.7819,0.7821,0.7809,0.7840,0.7824,0.7856,0.7825,0.7907,0.7914,0.7901,0.7916,0.7908,0.7914,0.7900,0.7905,0.7914,0.7910,0.7913,0.7905,0.7216,0.7215,0.7214,0.7212,0.7209,0.7212,0.7211,0.7219,0.7216,0.7218,0.7212,0.7211,0.7216,0.7218,0.7215,0.7214,0.7217,0.7218,0.7215,0.7215,0.7218,0.7217,0.7212,0.7214,0.8236,0.8240,0.8241,0.8238,0.8241,0.8237,0.8242,0.8243,0.8236,0.8238,0.8243,0.8232,0.7928,0.7926,0.7921,0.7929,0.7926,0.7931,0.7921,0.7928,0.7925,0.7927,0.7930,0.7924,0.7227,0.7215,0.7207,0.7215,0.7218,0.7215,0.7219,0.7211,0.7217,0.7222,0.7215,0.7215,0.8237,0.8245,0.8237,0.8242,0.8239,0.8237,0.8240,0.8245,0.8240,0.8243,0.8243,0.8238,0.7211,0.7217,0.7219,0.7214,0.7215,0.7216,0.7212,0.7213,0.7213,0.7213,0.7218,0.7213,0.7928,0.7930,0.7926,0.7930,0.7930,0.7930,0.7929,0.7929,0.7932,0.7935,0.7924,0.7926,0.6305,0.6303,0.6308,0.6313,0.6311,0.6304,0.6298,0.6311,0.6303,0.6308,0.6308,0.6306,0.6308,0.6307,0.6299,0.6308,0.6310,0.6300,0.6309,0.6300,0.6302,0.6299,0.6306,0.6309,0.6300,0.6304,0.6309,0.6298,0.6304,0.6298,0.6309,0.6305,0.6308,0.6309,0.6304,0.6307,0.8242,0.8243,0.8242,0.8244,0.8240,0.8244,0.8238,0.8243,0.8237,0.8246,0.8235,0.8247,0.6300,0.6300,0.6306,0.6308,0.6307,0.6302,0.6308,0.6301,0.6310,0.6306,0.6310,0.6312",,240.00,,,,|||||||||||||||,|||||||||||||||,|||||||||||||||,{},{},240.00,0.00,0.25,0.25,0.25,0.25,0.00,"{'512': 0.25, '256': 0.25, '128': 0.25, '64': 0.25}",0.23,0.01,240.00,240.00,240.00,64.00,512.00,4.78,4.22,0.00,0.22,0.00,0.01,4.22,0.00,5.46,270.30,,,,,{'ungrouped_control_update': 1.0},[12],[0.22449715435504913],"[3, 3, 3, 3, 3, 3, 3, 3, 3, 3, 3, 3]","[3, 3, 3, 3, 3, 3, 3, 3, 3, 3, 3, 3]",[],[],[],[],[],[],[],[],[],[],[],[],[],[],[],[],[],[],[],[],[],[],[],[],[],[],[],[],[],[],[],[],[],[],[],[],[],[],[],[],[],[],[],[],"[3, 3, 3, 3, 3, 3, 3, 3, 3, 3, 3, 3]","[3, 3, 3, 3, 3, 3, 3, 3, 3, 3, 3, 3]",[3],[3],0.0,"[[3], [2], [2], [1], [1], [3], [2], [1], [3], [1], [2], [0], [0], [0], [3], [0]]","[[3], [2], [2], [1], [1], [3], [2], [1], [3], [1], [2], [0], [0], [0], [3], [0]]","[0.0, 0.0, 0.0, 0.0, 0.0, 0.0, 0.0, 0.0, 0.0, 0.0, 0.0, 0.0, 0.0, 0.0, 0.0, 0.0]","[[], [], [], [], [], [], [], [], [], [], [], [], [], [], [], []]","[[], [], [], [], [], [], [], [], [], [], [], [], [], [], [], []]","[[], [], [], [], [], [], [], [], [], [], [], [], [], [], [], []]","[[], [], [], [], [], [], [], [], [], [], [], [], [], [], [], []]","[[], [], [], [], [], [], [], [], [], [], [], [], [], [], [], []]","[[], [], [], [], [], [], [], [], [], [], [], [], [], [], [], []]","[[], [], [], [], [], [], [], [], [], [], [], [], [], [], [], []]","[[], [], [], [], [], [], [], [], [], [], [], [], [], [], [], []]","[[], [], [], [], [], [], [], [], [], [], [], [], [], [], [], []]","[[], [], [], [], [], [], [], [], [], [], [], [], [], [], [], []]",[],[],[],[],[],[],[],[],[],[],[],[],[],[],[],[],[],[],[],[],[],[],[],[],[],[],[],[],,
450,15.042626,9476.98,6523.87,6523.87,16760.00,15884.04,16760.00,3261.79,2190.72,33175.27,383.54,2.22,4398.11,1060.17,1437.01,0.00,3386.98,56958.48,,,23592960.00,0.468750,0.531250,96636764160.00,3807488507904.00,0.972039,2.7961,512,"512,512,512,512,512,512,512,512,512,512,512,512|256,256,256,256,256,256,256,256,256,256,256,256|256,256,256,256,256,256,256,256,256,256,256,256|128,128,128,128,128,128,128,128,128,128,128,128|128,128,128,128,128,128,128,128,128,128,128,128|512,512,512,512,512,512,512,512,512,512,512,512|256,256,256,256,256,256,256,256,256,256,256,256|128,128,128,128,128,128,128,128,128,128,128,128|512,512,512,512,512,512,512,512,512,512,512,512|128,128,128,128,128,128,128,128,128,128,128,128|256,256,256,256,256,256,256,256,256,256,256,256|64,64,64,64,64,64,64,64,64,64,64,64|64,64,64,64,64,64,64,64,64,64,64,64|64,64,64,64,64,64,64,64,64,64,64,64|512,512,512,512,512,512,512,512,512,512,512,512|64,64,64,64,64,64,64,64,64,64,64,64","0.7757,0.7892,0.7767,0.6680,0.7633,0.8123,0.7300,0.8096,0.7420,0.7298,0.6808,0.7821,0.7838,0.7837,0.7843,0.7786,0.7795,0.7806,0.7814,0.7810,0.7828,0.7808,0.7853,0.7815,0.7910,0.7913,0.7904,0.7916,0.7907,0.7914,0.7909,0.7910,0.7918,0.7914,0.7909,0.7900,0.7207,0.7212,0.7214,0.7218,0.7213,0.7215,0.7212,0.7215,0.7208,0.7210,0.7215,0.7215,0.7216,0.7217,0.7212,0.7214,0.7214,0.7215,0.7219,0.7211,0.7218,0.7216,0.7218,0.7215,0.8240,0.8239,0.8241,0.8236,0.8242,0.8237,0.8238,0.8241,0.8235,0.8245,0.8243,0.8237,0.7928,0.7928,0.7928,0.7932,0.7930,0.7930,0.7932,0.7926,0.7932,0.7928,0.7925,0.7924,0.7222,0.7217,0.7215,0.7217,0.7218,0.7216,0.7214,0.7219,0.7214,0.7220,0.7212,0.7214,0.8243,0.8237,0.8234,0.8243,0.8232,0.8235,0.8243,0.8240,0.8242,0.8238,0.8242,0.8238,0.7213,0.7221,0.7222,0.7214,0.7223,0.7217,0.7222,0.7216,0.7219,0.7216,0.7219,0.7221,0.7931,0.7926,0.7933,0.7934,0.7936,0.7932,0.7926,0.7928,0.7932,0.7930,0.7932,0.7927,0.6302,0.6305,0.6307,0.6295,0.6305,0.6312,0.6305,0.6305,0.6304,0.6309,0.6301,0.6304,0.6313,0.6305,0.6305,0.6316,0.6304,0.6317,0.6308,0.6309,0.6308,0.6296,0.6308,0.6300,0.6311,0.6306,0.6310,0.6309,0.6302,0.6307,0.6303,0.6310,0.6306,0.6299,0.6304,0.6310,0.8239,0.8243,0.8237,0.8247,0.8240,0.8235,0.8240,0.8239,0.8237,0.8241,0.8245,0.8239,0.6301,0.6295,0.6306,0.6303,0.6313,0.6309,0.6305,0.6307,0.6308,0.6304,0.6310,0.6308",,240.00,,,,|||||||||||||||,|||||||||||||||,|||||||||||||||,{},{},240.00,0.00,0.25,0.25,0.25,0.25,0.00,"{'512': 0.25, '256': 0.25, '128': 0.25, '64': 0.25}",0.22,0.01,240.00,240.00,240.00,64.00,512.00,4.83,4.29,0.00,0.21,0.00,0.01,4.23,0.00,5.53,272.55,,,,,{'ungrouped_control_update': 1.0},[12],[0.24300217628479004],"[3, 3, 3, 3, 3, 3, 3, 3, 3, 3, 3, 3]","[3, 3, 3, 3, 3, 3, 3, 3, 3, 3, 3, 3]",[],[],[],[],[],[],[],[],[],[],[],[],[],[],[],[],[],[],[],[],[],[],[],[],[],[],[],[],[],[],[],[],[],[],[],[],[],[],[],[],[],[],[],[],"[3, 3, 3, 3, 3, 3, 3, 3, 3, 3, 3, 3]","[3, 3, 3, 3, 3, 3, 3, 3, 3, 3, 3, 3]",[3],[3],0.0,"[[3], [2], [2], [1], [1], [3], [2], [1], [3], [1], [2], [0], [0], [0], [3], [0]]","[[3], [2], [2], [1], [1], [3], [2], [1], [3], [1], [2], [0], [0], [0], [3], [0]]","[0.0, 0.0, 0.0, 0.0, 0.0, 0.0, 0.0, 0.0, 0.0, 0.0, 0.0, 0.0, 0.0, 0.0, 0.0, 0.0]","[[], [], [], [], [], [], [], [], [], [], [], [], [], [], [], []]","[[], [], [], [], [], [], [], [], [], [], [], [], [], [], [], []]","[[], [], [], [], [], [], [], [], [], [], [], [], [], [], [], []]","[[], [], [], [], [], [], [], [], [], [], [], [], [], [], [], []]","[[], [], [], [], [], [], [], [], [], [], [], [], [], [], [], []]","[[], [], [], [], [], [], [], [], [], [], [], [], [], [], [], []]","[[], [], [], [], [], [], [], [], [], [], [], [], [], [], [], []]","[[], [], [], [], [], [], [], [], [], [], [], [], [], [], [], []]","[[], [], [], [], [], [], [], [], [], [], [], [], [], [], [], []]","[[], [], [], [], [], [], [], [], [], [], [], [], [], [], [], []]",[],[],[],[],[],[],[],[],[],[],[],[],[],[],[],[],[],[],[],[],[],[],[],[],[],[],[],[],,
500,14.790987,9489.99,6523.87,6523.87,16760.00,15884.04,16760.00,3261.79,2190.72,33175.27,383.54,2.22,4398.11,1060.27,1437.08,0.00,3392.87,56958.48,,,23592960.00,0.468750,0.531250,96636764160.00,3807488507904.00,0.972039,2.7961,512,"512,512,512,512,512,512,512,512,512,512,512,512|256,256,256,256,256,256,256,256,256,256,256,256|256,256,256,256,256,256,256,256,256,256,256,256|128,128,128,128,128,128,128,128,128,128,128,128|128,128,128,128,128,128,128,128,128,128,128,128|512,512,512,512,512,512,512,512,512,512,512,512|256,256,256,256,256,256,256,256,256,256,256,256|128,128,128,128,128,128,128,128,128,128,128,128|512,512,512,512,512,512,512,512,512,512,512,512|128,128,128,128,128,128,128,128,128,128,128,128|256,256,256,256,256,256,256,256,256,256,256,256|64,64,64,64,64,64,64,64,64,64,64,64|64,64,64,64,64,64,64,64,64,64,64,64|64,64,64,64,64,64,64,64,64,64,64,64|512,512,512,512,512,512,512,512,512,512,512,512|64,64,64,64,64,64,64,64,64,64,64,64","0.7784,0.7850,0.7801,0.6625,0.7657,0.8124,0.7159,0.8104,0.7473,0.7263,0.6956,0.7773,0.7839,0.7842,0.7852,0.7738,0.7470,0.7763,0.7788,0.7785,0.7805,0.7800,0.7852,0.7799,0.7903,0.7913,0.7891,0.7909,0.7903,0.7917,0.7905,0.7911,0.7909,0.7898,0.7911,0.7899,0.7216,0.7213,0.7218,0.7211,0.7210,0.7211,0.7211,0.7213,0.7213,0.7211,0.7211,0.7214,0.7210,0.7216,0.7219,0.7212,0.7211,0.7213,0.7216,0.7216,0.7215,0.7218,0.7213,0.7211,0.8243,0.8241,0.8238,0.8243,0.8243,0.8234,0.8239,0.8238,0.8239,0.8245,0.8238,0.8243,0.7934,0.7926,0.7928,0.7926,0.7925,0.7927,0.7926,0.7925,0.7930,0.7927,0.7923,0.7926,0.7223,0.7214,0.7215,0.7221,0.7213,0.7214,0.7217,0.7216,0.7221,0.7221,0.7223,0.7216,0.8237,0.8237,0.8241,0.8239,0.8237,0.8241,0.8244,0.8245,0.8236,0.8245,0.8235,0.8242,0.7222,0.7217,0.7222,0.7213,0.7219,0.7219,0.7220,0.7213,0.7217,0.7215,0.7218,0.7213,0.7928,0.7922,0.7929,0.7926,0.7932,0.7931,0.7924,0.7937,0.7925,0.7929,0.7930,0.7930,0.6306,0.6309,0.6305,0.6310,0.6298,0.6302,0.6308,0.6305,0.6304,0.6304,0.6303,0.6301,0.6307,0.6307,0.6308,0.6308,0.6313,0.6304,0.6314,0.6309,0.6306,0.6305,0.6307,0.6308,0.6298,0.6307,0.6303,0.6308,0.6303,0.6303,0.6308,0.6301,0.6309,0.6302,0.6304,0.6303,0.8237,0.8244,0.8246,0.8240,0.8243,0.8242,0.8241,0.8246,0.8241,0.8238,0.8241,0.8241,0.6306,0.6306,0.6303,0.6306,0.6302,0.6307,0.6315,0.6310,0.6316,0.6300,0.6306,0.6309",,240.00,,,,|||||||||||||||,|||||||||||||||,|||||||||||||||,{},{},240.00,0.00,0.25,0.25,0.25,0.25,0.00,"{'512': 0.25, '256': 0.25, '128': 0.25, '64': 0.25}",0.21,0.01,240.00,240.00,240.00,64.00,512.00,4.76,4.22,0.00,0.21,0.00,0.01,4.20,0.00,5.45,270.48,,,,,{'ungrouped_control_update': 1.0},[12],[0.26302897930145264],"[3, 3, 3, 3, 3, 3, 3, 3, 3, 3, 3, 3]","[3, 3, 3, 3, 3, 3, 3, 3, 3, 3, 3, 3]",[],[],[],[],[],[],[],[],[],[],[],[],[],[],[],[],[],[],[],[],[],[],[],[],[],[],[],[],[],[],[],[],[],[],[],[],[],[],[],[],[],[],[],[],"[3, 3, 3, 3, 3, 3, 3, 3, 3, 3, 3, 3]","[3, 3, 3, 3, 3, 3, 3, 3, 3, 3, 3, 3]",[3],[3],0.0,"[[3], [2], [2], [1], [1], [3], [2], [1], [3], [1], [2], [0], [0], [0], [3], [0]]","[[3], [2], [2], [1], [1], [3], [2], [1], [3], [1], [2], [0], [0], [0], [3], [0]]","[0.0, 0.0, 0.0, 0.0, 0.0, 0.0, 0.0, 0.0, 0.0, 0.0, 0.0, 0.0, 0.0, 0.0, 0.0, 0.0]","[[], [], [], [], [], [], [], [], [], [], [], [], [], [], [], []]","[[], [], [], [], [], [], [], [], [], [], [], [], [], [], [], []]","[[], [], [], [], [], [], [], [], [], [], [], [], [], [], [], []]","[[], [], [], [], [], [], [], [], [], [], [], [], [], [], [], []]","[[], [], [], [], [], [], [], [], [], [], [], [], [], [], [], []]","[[], [], [], [], [], [], [], [], [], [], [], [], [], [], [], []]","[[], [], [], [], [], [], [], [], [], [], [], [], [], [], [], []]","[[], [], [], [], [], [], [], [], [], [], [], [], [], [], [], []]","[[], [], [], [], [], [], [], [], [], [], [], [], [], [], [], []]","[[], [], [], [], [], [], [], [], [], [], [], [], [], [], [], []]",[],[],[],[],[],[],[],[],[],[],[],[],[],[],[],[],[],[],[],[],[],[],[],[],[],[],[],[],,
500,,,,,,,,,,,,,,,,,,,12.194937,197785.2234,,,,,,,,,,,,,,,,,,,,,,,,,,,,,,,,,,,,,,,,,,,,,,3.67,12.000000,12.000000,12.000000,,,,,,,,,,,,,,,,,,,,,,,,,,,,,,,,,,,,,,,,,,,,,,,,,,,,,,,,,,,,,,,,,,,,,,,,,,,,,,,,,,,,,,,,,,,,,,,,,
550,14.208796,8104.47,6523.87,6523.87,16760.00,15884.04,16760.00,3261.79,2190.89,33311.27,383.54,2.22,4406.36,1060.89,1437.50,0.00,3381.96,56958.48,,,23592960.00,0.468750,0.531250,96636764160.00,3807488507904.00,0.972039,2.7961,512,"512,512,512,512,512,512,512,512,512,512,512,512|256,256,256,256,256,256,256,256,256,256,256,256|256,256,256,256,256,256,256,256,256,256,256,256|128,128,128,128,128,128,128,128,128,128,128,128|128,128,128,128,128,128,128,128,128,128,128,128|512,512,512,512,512,512,512,512,512,512,512,512|256,256,256,256,256,256,256,256,256,256,256,256|128,128,128,128,128,128,128,128,128,128,128,128|512,512,512,512,512,512,512,512,512,512,512,512|128,128,128,128,128,128,128,128,128,128,128,128|256,256,256,256,256,256,256,256,256,256,256,256|64,64,64,64,64,64,64,64,64,64,64,64|64,64,64,64,64,64,64,64,64,64,64,64|64,64,64,64,64,64,64,64,64,64,64,64|512,512,512,512,512,512,512,512,512,512,512,512|64,64,64,64,64,64,64,64,64,64,64,64","0.7588,0.7731,0.7637,0.6397,0.7465,0.8117,0.7026,0.8081,0.7276,0.7072,0.6748,0.7759,0.7850,0.7848,0.7851,0.7697,0.7498,0.7671,0.7773,0.7785,0.7775,0.7739,0.7859,0.7813,0.7898,0.7905,0.7883,0.7912,0.7899,0.7924,0.7906,0.7896,0.7908,0.7900,0.7911,0.7887,0.7214,0.7206,0.7216,0.7210,0.7216,0.7209,0.7214,0.7212,0.7216,0.7214,0.7214,0.7212,0.7220,0.7223,0.7223,0.7223,0.7216,0.7219,0.7218,0.7209,0.7211,0.7217,0.7215,0.7216,0.8241,0.8238,0.8243,0.8248,0.8234,0.8242,0.8240,0.8241,0.8241,0.8240,0.8241,0.8241,0.7925,0.7929,0.7926,0.7932,0.7924,0.7928,0.7928,0.7927,0.7928,0.7931,0.7924,0.7931,0.7218,0.7218,0.7218,0.7215,0.7214,0.7221,0.7222,0.7219,0.7214,0.7223,0.7216,0.7213,0.8236,0.8244,0.8238,0.8241,0.8241,0.8234,0.8237,0.8238,0.8235,0.8241,0.8241,0.8242,0.7220,0.7218,0.7220,0.7215,0.7219,0.7217,0.7215,0.7215,0.7217,0.7224,0.7208,0.7219,0.7928,0.7928,0.7922,0.7934,0.7931,0.7929,0.7921,0.7925,0.7923,0.7928,0.7928,0.7932,0.6299,0.6307,0.6307,0.6313,0.6313,0.6298,0.6307,0.6308,0.6303,0.6302,0.6303,0.6306,0.6309,0.6307,0.6306,0.6312,0.6318,0.6299,0.6297,0.6307,0.6297,0.6305,0.6315,0.6312,0.6303,0.6300,0.6303,0.6314,0.6298,0.6312,0.6299,0.6306,0.6303,0.6306,0.6311,0.6312,0.8240,0.8235,0.8240,0.8237,0.8240,0.8235,0.8240,0.8241,0.8236,0.8239,0.8240,0.8237,0.6306,0.6308,0.6311,0.6310,0.6305,0.6305,0.6302,0.6300,0.6298,0.6309,0.6311,0.6306",,240.00,,,,|||||||||||||||,|||||||||||||||,|||||||||||||||,{},{},240.00,0.00,0.25,0.25,0.25,0.25,0.00,"{'512': 0.25, '256': 0.25, '128': 0.25, '64': 0.25}",0.20,0.01,240.00,240.00,240.00,64.00,512.00,4.81,4.26,0.00,0.21,0.00,0.01,4.21,0.00,5.51,272.45,3.67,,,,{'ungrouped_control_update': 1.0},[12],[0.2832452058792114],"[3, 3, 3, 3, 3, 3, 3, 3, 3, 3, 3, 3]","[3, 3, 3, 3, 3, 3, 3, 3, 3, 3, 3, 3]",[],[],[],[],[],[],[],[],[],[],[],[],[],[],[],[],[],[],[],[],[],[],[],[],[],[],[],[],[],[],[],[],[],[],[],[],[],[],[],[],[],[],[],[],"[3, 3, 3, 3, 3, 3, 3, 3, 3, 3, 3, 3]","[3, 3, 3, 3, 3, 3, 3, 3, 3, 3, 3, 3]",[3],[3],0.0,"[[3], [2], [2], [1], [1], [3], [2], [1], [3], [1], [2], [0], [0], [0], [3], [0]]","[[3], [2], [2], [1], [1], [3], [2], [1], [3], [1], [2], [0], [0], [0], [3], [0]]","[0.0, 0.0, 0.0, 0.0, 0.0, 0.0, 0.0, 0.0, 0.0, 0.0, 0.0, 0.0, 0.0, 0.0, 0.0, 0.0]","[[], [], [], [], [], [], [], [], [], [], [], [], [], [], [], []]","[[], [], [], [], [], [], [], [], [], [], [], [], [], [], [], []]","[[], [], [], [], [], [], [], [], [], [], [], [], [], [], [], []]","[[], [], [], [], [], [], [], [], [], [], [], [], [], [], [], []]","[[], [], [], [], [], [], [], [], [], [], [], [], [], [], [], []]","[[], [], [], [], [], [], [], [], [], [], [], [], [], [], [], []]","[[], [], [], [], [], [], [], [], [], [], [], [], [], [], [], []]","[[], [], [], [], [], [], [], [], [], [], [], [], [], [], [], []]","[[], [], [], [], [], [], [], [], [], [], [], [], [], [], [], []]","[[], [], [], [], [], [], [], [], [], [], [], [], [], [], [], []]",[],[],[],[],[],[],[],[],[],[],[],[],[],[],[],[],[],[],[],[],[],[],[],[],[],[],[],[],,
600,13.456792,9477.66,6523.87,6523.87,16760.00,15884.04,16760.00,3261.79,2190.93,33311.27,383.54,2.22,4406.36,318.74,942.76,0.00,2698.78,56958.48,,,23592960.00,0.468750,0.531250,96636764160.00,3807488507904.00,0.972039,2.7961,512,"512,512,512,512,512,512,512,512,512,512,512,512|256,256,256,256,256,256,256,256,256,256,256,256|256,256,256,256,256,256,256,256,256,256,256,256|128,128,128,128,128,128,128,128,128,128,128,128|128,128,128,128,128,128,128,128,128,128,128,128|512,512,512,512,512,512,512,512,512,512,512,512|256,256,256,256,256,256,256,256,256,256,256,256|128,128,128,128,128,128,128,128,128,128,128,128|512,512,512,512,512,512,512,512,512,512,512,512|128,128,128,128,128,128,128,128,128,128,128,128|256,256,256,256,256,256,256,256,256,256,256,256|64,64,64,64,64,64,64,64,64,64,64,64|64,64,64,64,64,64,64,64,64,64,64,64|64,64,64,64,64,64,64,64,64,64,64,64|512,512,512,512,512,512,512,512,512,512,512,512|64,64,64,64,64,64,64,64,64,64,64,64","0.7588,0.7629,0.7602,0.6254,0.7404,0.8099,0.6775,0.8070,0.7093,0.7002,0.6717,0.7651,0.7847,0.7851,0.7856,0.7457,0.7214,0.7496,0.7677,0.7748,0.7704,0.7603,0.7853,0.7794,0.7888,0.7906,0.7881,0.7908,0.7895,0.7918,0.7898,0.7888,0.7913,0.7887,0.7912,0.7888,0.7217,0.7212,0.7213,0.7207,0.7207,0.7208,0.7215,0.7212,0.7210,0.7208,0.7218,0.7214,0.7217,0.7215,0.7216,0.7214,0.7215,0.7215,0.7215,0.7221,0.7216,0.7222,0.7215,0.7214,0.8239,0.8239,0.8236,0.8240,0.8240,0.8237,0.8234,0.8236,0.8235,0.8235,0.8235,0.8235,0.7930,0.7927,0.7923,0.7926,0.7930,0.7929,0.7930,0.7926,0.7936,0.7931,0.7935,0.7929,0.7213,0.7216,0.7215,0.7219,0.7222,0.7214,0.7219,0.7219,0.7221,0.7218,0.7226,0.7219,0.8244,0.8236,0.8244,0.8243,0.8239,0.8234,0.8236,0.8241,0.8242,0.8237,0.8244,0.8234,0.7212,0.7222,0.7220,0.7213,0.7217,0.7214,0.7221,0.7211,0.7216,0.7218,0.7216,0.7217,0.7925,0.7933,0.7933,0.7931,0.7929,0.7927,0.7929,0.7929,0.7929,0.7930,0.7931,0.7928,0.6302,0.6312,0.6311,0.6304,0.6299,0.6309,0.6302,0.6309,0.6310,0.6298,0.6312,0.6307,0.6310,0.6307,0.6310,0.6311,0.6304,0.6307,0.6302,0.6311,0.6309,0.6307,0.6314,0.6300,0.6296,0.6313,0.6310,0.6310,0.6308,0.6304,0.6307,0.6309,0.6310,0.6302,0.6311,0.6308,0.8235,0.8241,0.8240,0.8241,0.8239,0.8240,0.8238,0.8246,0.8241,0.8239,0.8238,0.8240,0.6309,0.6307,0.6309,0.6304,0.6300,0.6311,0.6309,0.6319,0.6309,0.6301,0.6308,0.6306",,240.00,,,,|||||||||||||||,|||||||||||||||,|||||||||||||||,{},{},240.00,0.00,0.25,0.25,0.25,0.25,0.00,"{'512': 0.25, '256': 0.25, '128': 0.25, '64': 0.25}",0.20,0.01,240.00,240.00,240.00,64.00,512.00,4.80,4.26,0.00,0.20,0.00,0.01,4.22,0.00,5.50,272.28,3.67,,,,{'ungrouped_control_update': 1.0},[12],[0.301967978477478],"[3, 3, 3, 3, 3, 3, 3, 3, 3, 3, 3, 3]","[3, 3, 3, 3, 3, 3, 3, 3, 3, 3, 3, 3]",[],[],[],[],[],[],[],[],[],[],[],[],[],[],[],[],[],[],[],[],[],[],[],[],[],[],[],[],[],[],[],[],[],[],[],[],[],[],[],[],[],[],[],[],"[3, 3, 3, 3, 3, 3, 3, 3, 3, 3, 3, 3]","[3, 3, 3, 3, 3, 3, 3, 3, 3, 3, 3, 3]",[3],[3],0.0,"[[3], [2], [2], [1], [1], [3], [2], [1], [3], [1], [2], [0], [0], [0], [3], [0]]","[[3], [2], [2], [1], [1], [3], [2], [1], [3], [1], [2], [0], [0], [0], [3], [0]]","[0.0, 0.0, 0.0, 0.0, 0.0, 0.0, 0.0, 0.0, 0.0, 0.0, 0.0, 0.0, 0.0, 0.0, 0.0, 0.0]","[[], [], [], [], [], [], [], [], [], [], [], [], [], [], [], []]","[[], [], [], [], [], [], [], [], [], [], [], [], [], [], [], []]","[[], [], [], [], [], [], [], [], [], [], [], [], [], [], [], []]","[[], [], [], [], [], [], [], [], [], [], [], [], [], [], [], []]","[[], [], [], [], [], [], [], [], [], [], [], [], [], [], [], []]","[[], [], [], [], [], [], [], [], [], [], [], [], [], [], [], []]","[[], [], [], [], [], [], [], [], [], [], [], [], [], [], [], []]","[[], [], [], [], [], [], [], [], [], [], [], [], [], [], [], []]","[[], [], [], [], [], [], [], [], [], [], [], [], [], [], [], []]","[[], [], [], [], [], [], [], [], [], [], [], [], [], [], [], []]",[],[],[],[],[],[],[],[],[],[],[],[],[],[],[],[],[],[],[],[],[],[],[],[],[],[],[],[],,
650,12.648259,9444.23,6523.87,6523.87,16760.00,15884.04,16760.00,3261.79,2190.93,33311.27,383.54,2.22,4406.36,320.47,943.92,0.00,2703.91,56958.48,,,23592960.00,0.468750,0.531250,96636764160.00,3807488507904.00,0.972039,2.7961,512,"512,512,512,512,512,512,512,512,512,512,512,512|256,256,256,256,256,256,256,256,256,256,256,256|256,256,256,256,256,256,256,256,256,256,256,256|128,128,128,128,128,128,128,128,128,128,128,128|128,128,128,128,128,128,128,128,128,128,128,128|512,512,512,512,512,512,512,512,512,512,512,512|256,256,256,256,256,256,256,256,256,256,256,256|128,128,128,128,128,128,128,128,128,128,128,128|512,512,512,512,512,512,512,512,512,512,512,512|128,128,128,128,128,128,128,128,128,128,128,128|256,256,256,256,256,256,256,256,256,256,256,256|64,64,64,64,64,64,64,64,64,64,64,64|64,64,64,64,64,64,64,64,64,64,64,64|64,64,64,64,64,64,64,64,64,64,64,64|512,512,512,512,512,512,512,512,512,512,512,512|64,64,64,64,64,64,64,64,64,64,64,64","0.7574,0.7635,0.7561,0.6294,0.7379,0.8107,0.6852,0.8072,0.7073,0.7042,0.6796,0.7685,0.7837,0.7843,0.7857,0.7268,0.7413,0.7353,0.7568,0.7709,0.7491,0.7450,0.7854,0.7787,0.7889,0.7908,0.7876,0.7907,0.7888,0.7925,0.7897,0.7896,0.7913,0.7890,0.7904,0.7886,0.7212,0.7209,0.7210,0.7210,0.7216,0.7214,0.7216,0.7216,0.7215,0.7212,0.7216,0.7217,0.7215,0.7214,0.7216,0.7212,0.7214,0.7218,0.7212,0.7211,0.7217,0.7216,0.7212,0.7219,0.8235,0.8240,0.8240,0.8237,0.8238,0.8229,0.8239,0.8236,0.8242,0.8243,0.8239,0.8241,0.7930,0.7927,0.7926,0.7930,0.7931,0.7928,0.7927,0.7935,0.7924,0.7925,0.7932,0.7927,0.7220,0.7217,0.7218,0.7217,0.7219,0.7215,0.7208,0.7219,0.7215,0.7217,0.7217,0.7215,0.8240,0.8236,0.8235,0.8241,0.8244,0.8241,0.8242,0.8240,0.8238,0.8240,0.8243,0.8237,0.7217,0.7221,0.7220,0.7219,0.7221,0.7211,0.7214,0.7216,0.7218,0.7214,0.7220,0.7214,0.7926,0.7937,0.7929,0.7928,0.7930,0.7927,0.7923,0.7930,0.7927,0.7932,0.7929,0.7924,0.6306,0.6308,0.6306,0.6312,0.6311,0.6301,0.6302,0.6302,0.6309,0.6305,0.6299,0.6303,0.6304,0.6303,0.6309,0.6309,0.6303,0.6306,0.6305,0.6299,0.6306,0.6307,0.6308,0.6302,0.6305,0.6308,0.6305,0.6305,0.6308,0.6301,0.6298,0.6305,0.6307,0.6310,0.6304,0.6309,0.8234,0.8238,0.8243,0.8246,0.8243,0.8237,0.8241,0.8244,0.8242,0.8245,0.8245,0.8238,0.6310,0.6307,0.6299,0.6306,0.6315,0.6308,0.6306,0.6303,0.6307,0.6310,0.6310,0.6308",,240.00,,,,|||||||||||||||,|||||||||||||||,|||||||||||||||,{},{},240.00,0.00,0.25,0.25,0.25,0.25,0.00,"{'512': 0.25, '256': 0.25, '128': 0.25, '64': 0.25}",0.19,0.01,240.00,240.00,240.00,64.00,512.00,4.82,4.25,0.00,0.20,0.00,0.01,4.26,0.00,5.52,272.86,3.67,,,,{'ungrouped_control_update': 1.0},[12],[0.30802518129348755],"[3, 3, 3, 3, 3, 3, 3, 3, 3, 3, 3, 3]","[3, 3, 3, 3, 3, 3, 3, 3, 3, 3, 3, 3]",[],[],[],[],[],[],[],[],[],[],[],[],[],[],[],[],[],[],[],[],[],[],[],[],[],[],[],[],[],[],[],[],[],[],[],[],[],[],[],[],[],[],[],[],"[3, 3, 3, 3, 3, 3, 3, 3, 3, 3, 3, 3]","[3, 3, 3, 3, 3, 3, 3, 3, 3, 3, 3, 3]",[3],[3],0.0,"[[3], [2], [2], [1], [1], [3], [2], [1], [3], [1], [2], [0], [0], [0], [3], [0]]","[[3], [2], [2], [1], [1], [3], [2], [1], [3], [1], [2], [0], [0], [0], [3], [0]]","[0.0, 0.0, 0.0, 0.0, 0.0, 0.0, 0.0, 0.0, 0.0, 0.0, 0.0, 0.0, 0.0, 0.0, 0.0, 0.0]","[[], [], [], [], [], [], [], [], [], [], [], [], [], [], [], []]","[[], [], [], [], [], [], [], [], [], [], [], [], [], [], [], []]","[[], [], [], [], [], [], [], [], [], [], [], [], [], [], [], []]","[[], [], [], [], [], [], [], [], [], [], [], [], [], [], [], []]","[[], [], [], [], [], [], [], [], [], [], [], [], [], [], [], []]","[[], [], [], [], [], [], [], [], [], [], [], [], [], [], [], []]","[[], [], [], [], [], [], [], [], [], [], [], [], [], [], [], []]","[[], [], [], [], [], [], [], [], [], [], [], [], [], [], [], []]","[[], [], [], [], [], [], [], [], [], [], [], [], [], [], [], []]","[[], [], [], [], [], [], [], [], [], [], [], [], [], [], [], []]",[],[],[],[],[],[],[],[],[],[],[],[],[],[],[],[],[],[],[],[],[],[],[],[],[],[],[],[],,
700,12.693803,9458.37,6523.87,6523.87,16760.00,15884.04,16760.00,3261.79,2190.93,33311.27,383.54,2.22,4406.36,321.27,944.46,0.00,2705.37,56958.48,,,23592960.00,0.468750,0.531250,96636764160.00,3807488507904.00,0.972039,2.7961,512,"512,512,512,512,512,512,512,512,512,512,512,512|256,256,256,256,256,256,256,256,256,256,256,256|256,256,256,256,256,256,256,256,256,256,256,256|128,128,128,128,128,128,128,128,128,128,128,128|128,128,128,128,128,128,128,128,128,128,128,128|512,512,512,512,512,512,512,512,512,512,512,512|256,256,256,256,256,256,256,256,256,256,256,256|128,128,128,128,128,128,128,128,128,128,128,128|512,512,512,512,512,512,512,512,512,512,512,512|128,128,128,128,128,128,128,128,128,128,128,128|256,256,256,256,256,256,256,256,256,256,256,256|64,64,64,64,64,64,64,64,64,64,64,64|64,64,64,64,64,64,64,64,64,64,64,64|64,64,64,64,64,64,64,64,64,64,64,64|512,512,512,512,512,512,512,512,512,512,512,512|64,64,64,64,64,64,64,64,64,64,64,64","0.7444,0.7529,0.7516,0.6298,0.7408,0.8097,0.6841,0.8062,0.7108,0.6892,0.6782,0.7619,0.7814,0.7836,0.7860,0.7126,0.7431,0.7204,0.7443,0.7636,0.7206,0.7093,0.7845,0.7759,0.7875,0.7903,0.7872,0.7908,0.7889,0.7912,0.7891,0.7886,0.7907,0.7889,0.7910,0.7871,0.7215,0.7216,0.7213,0.7216,0.7220,0.7205,0.7212,0.7211,0.7214,0.7212,0.7211,0.7213,0.7218,0.7214,0.7209,0.7214,0.7220,0.7216,0.7216,0.7218,0.7220,0.7213,0.7214,0.7212,0.8245,0.8235,0.8242,0.8239,0.8238,0.8235,0.8237,0.8235,0.8237,0.8241,0.8241,0.8241,0.7934,0.7926,0.7928,0.7930,0.7931,0.7926,0.7929,0.7930,0.7927,0.7929,0.7931,0.7928,0.7220,0.7220,0.7224,0.7222,0.7215,0.7219,0.7221,0.7215,0.7214,0.7225,0.7215,0.7219,0.8240,0.8241,0.8240,0.8238,0.8242,0.8240,0.8240,0.8244,0.8235,0.8244,0.8235,0.8239,0.7215,0.7216,0.7223,0.7217,0.7218,0.7216,0.7216,0.7221,0.7223,0.7220,0.7217,0.7217,0.7926,0.7930,0.7930,0.7930,0.7929,0.7932,0.7933,0.7931,0.7932,0.7931,0.7928,0.7927,0.6304,0.6309,0.6306,0.6308,0.6302,0.6312,0.6305,0.6306,0.6308,0.6306,0.6306,0.6304,0.6305,0.6311,0.6302,0.6298,0.6308,0.6306,0.6306,0.6311,0.6312,0.6300,0.6309,0.6299,0.6309,0.6308,0.6303,0.6321,0.6311,0.6307,0.6314,0.6310,0.6308,0.6313,0.6305,0.6301,0.8244,0.8241,0.8243,0.8239,0.8241,0.8243,0.8244,0.8239,0.8242,0.8241,0.8239,0.8240,0.6307,0.6306,0.6304,0.6309,0.6310,0.6300,0.6288,0.6310,0.6304,0.6302,0.6303,0.6308",,240.00,,,,|||||||||||||||,|||||||||||||||,|||||||||||||||,{},{},240.00,0.00,0.25,0.25,0.25,0.25,0.00,"{'512': 0.25, '256': 0.25, '128': 0.25, '64': 0.25}",0.19,0.01,240.00,240.00,240.00,64.00,512.00,5.01,4.42,0.00,0.22,0.00,0.01,4.28,0.00,5.77,280.17,3.67,,,,{'ungrouped_control_update': 1.0},[12],[0.3168441653251648],"[3, 3, 3, 3, 3, 3, 3, 3, 3, 3, 3, 3]","[3, 3, 3, 3, 3, 3, 3, 3, 3, 3, 3, 3]",[],[],[],[],[],[],[],[],[],[],[],[],[],[],[],[],[],[],[],[],[],[],[],[],[],[],[],[],[],[],[],[],[],[],[],[],[],[],[],[],[],[],[],[],"[3, 3, 3, 3, 3, 3, 3, 3, 3, 3, 3, 3]","[3, 3, 3, 3, 3, 3, 3, 3, 3, 3, 3, 3]",[3],[3],0.0,"[[3], [2], [2], [1], [1], [3], [2], [1], [3], [1], [2], [0], [0], [0], [3], [0]]","[[3], [2], [2], [1], [1], [3], [2], [1], [3], [1], [2], [0], [0], [0], [3], [0]]","[0.0, 0.0, 0.0, 0.0, 0.0, 0.0, 0.0, 0.0, 0.0, 0.0, 0.0, 0.0, 0.0, 0.0, 0.0, 0.0]","[[], [], [], [], [], [], [], [], [], [], [], [], [], [], [], []]","[[], [], [], [], [], [], [], [], [], [], [], [], [], [], [], []]","[[], [], [], [], [], [], [], [], [], [], [], [], [], [], [], []]","[[], [], [], [], [], [], [], [], [], [], [], [], [], [], [], []]","[[], [], [], [], [], [], [], [], [], [], [], [], [], [], [], []]","[[], [], [], [], [], [], [], [], [], [], [], [], [], [], [], []]","[[], [], [], [], [], [], [], [], [], [], [], [], [], [], [], []]","[[], [], [], [], [], [], [], [], [], [], [], [], [], [], [], []]","[[], [], [], [], [], [], [], [], [], [], [], [], [], [], [], []]","[[], [], [], [], [], [], [], [], [], [], [], [], [], [], [], []]",[],[],[],[],[],[],[],[],[],[],[],[],[],[],[],[],[],[],[],[],[],[],[],[],[],[],[],[],,
750,12.787365,9421.47,6523.87,6523.87,16760.00,15884.04,16760.00,3261.79,2190.93,33311.27,383.54,2.22,4406.36,322.02,944.95,0.00,2705.62,56958.48,,,23592960.00,0.468750,0.531250,96636764160.00,3807488507904.00,0.972039,2.7961,512,"512,512,512,512,512,512,512,512,512,512,512,512|256,256,256,256,256,256,256,256,256,256,256,256|256,256,256,256,256,256,256,256,256,256,256,256|128,128,128,128,128,128,128,128,128,128,128,128|128,128,128,128,128,128,128,128,128,128,128,128|512,512,512,512,512,512,512,512,512,512,512,512|256,256,256,256,256,256,256,256,256,256,256,256|128,128,128,128,128,128,128,128,128,128,128,128|512,512,512,512,512,512,512,512,512,512,512,512|128,128,128,128,128,128,128,128,128,128,128,128|256,256,256,256,256,256,256,256,256,256,256,256|64,64,64,64,64,64,64,64,64,64,64,64|64,64,64,64,64,64,64,64,64,64,64,64|64,64,64,64,64,64,64,64,64,64,64,64|512,512,512,512,512,512,512,512,512,512,512,512|64,64,64,64,64,64,64,64,64,64,64,64","0.7478,0.7545,0.7475,0.6346,0.7357,0.8091,0.6780,0.8071,0.7037,0.6929,0.6780,0.7606,0.7796,0.7823,0.7853,0.6861,0.7087,0.7207,0.7241,0.7562,0.6941,0.6812,0.7839,0.7770,0.7882,0.7900,0.7869,0.7906,0.7887,0.7912,0.7896,0.7884,0.7912,0.7878,0.7909,0.7872,0.7211,0.7216,0.7206,0.7209,0.7215,0.7211,0.7208,0.7218,0.7215,0.7219,0.7213,0.7223,0.7210,0.7217,0.7218,0.7213,0.7218,0.7223,0.7219,0.7218,0.7215,0.7220,0.7211,0.7215,0.8239,0.8236,0.8239,0.8243,0.8236,0.8232,0.8235,0.8237,0.8239,0.8237,0.8243,0.8237,0.7928,0.7929,0.7925,0.7929,0.7928,0.7935,0.7928,0.7928,0.7929,0.7931,0.7933,0.7929,0.7217,0.7218,0.7206,0.7216,0.7219,0.7223,0.7218,0.7214,0.7223,0.7214,0.7209,0.7218,0.8236,0.8243,0.8239,0.8243,0.8239,0.8239,0.8241,0.8236,0.8238,0.8240,0.8239,0.8236,0.7215,0.7219,0.7222,0.7219,0.7217,0.7217,0.7217,0.7221,0.7221,0.7221,0.7224,0.7217,0.7933,0.7928,0.7932,0.7930,0.7933,0.7929,0.7928,0.7933,0.7930,0.7934,0.7934,0.7921,0.6306,0.6303,0.6301,0.6299,0.6318,0.6296,0.6311,0.6305,0.6300,0.6305,0.6307,0.6307,0.6303,0.6301,0.6304,0.6302,0.6312,0.6314,0.6304,0.6315,0.6311,0.6307,0.6309,0.6302,0.6308,0.6316,0.6309,0.6304,0.6302,0.6300,0.6307,0.6310,0.6303,0.6308,0.6303,0.6312,0.8239,0.8240,0.8243,0.8238,0.8244,0.8238,0.8242,0.8237,0.8237,0.8243,0.8241,0.8244,0.6310,0.6306,0.6306,0.6319,0.6310,0.6311,0.6308,0.6305,0.6308,0.6311,0.6303,0.6309",,240.00,,,,|||||||||||||||,|||||||||||||||,|||||||||||||||,{},{},240.00,0.00,0.25,0.25,0.25,0.25,0.00,"{'512': 0.25, '256': 0.25, '128': 0.25, '64': 0.25}",0.18,0.01,240.00,240.00,240.00,64.00,512.00,4.88,4.32,0.00,0.20,0.00,0.01,4.24,0.00,5.59,274.54,3.67,,,,{'ungrouped_control_update': 1.0},[12],[0.3266718089580536],"[3, 3, 3, 3, 3, 3, 3, 3, 3, 3, 3, 3]","[3, 3, 3, 3, 3, 3, 3, 3, 3, 3, 3, 3]",[],[],[],[],[],[],[],[],[],[],[],[],[],[],[],[],[],[],[],[],[],[],[],[],[],[],[],[],[],[],[],[],[],[],[],[],[],[],[],[],[],[],[],[],"[3, 3, 3, 3, 3, 3, 3, 3, 3, 3, 3, 3]","[3, 3, 3, 3, 3, 3, 3, 3, 3, 3, 3, 3]",[3],[3],0.0,"[[3], [2], [2], [1], [1], [3], [2], [1], [3], [1], [2], [0], [0], [0], [3], [0]]","[[3], [2], [2], [1], [1], [3], [2], [1], [3], [1], [2], [0], [0], [0], [3], [0]]","[0.0, 0.0, 0.0, 0.0, 0.0, 0.0, 0.0, 0.0, 0.0, 0.0, 0.0, 0.0, 0.0, 0.0, 0.0, 0.0]","[[], [], [], [], [], [], [], [], [], [], [], [], [], [], [], []]","[[], [], [], [], [], [], [], [], [], [], [], [], [], [], [], []]","[[], [], [], [], [], [], [], [], [], [], [], [], [], [], [], []]","[[], [], [], [], [], [], [], [], [], [], [], [], [], [], [], []]","[[], [], [], [], [], [], [], [], [], [], [], [], [], [], [], []]","[[], [], [], [], [], [], [], [], [], [], [], [], [], [], [], []]","[[], [], [], [], [], [], [], [], [], [], [], [], [], [], [], []]","[[], [], [], [], [], [], [], [], [], [], [], [], [], [], [], []]","[[], [], [], [], [], [], [], [], [], [], [], [], [], [], [], []]","[[], [], [], [], [], [], [], [], [], [], [], [], [], [], [], []]",[],[],[],[],[],[],[],[],[],[],[],[],[],[],[],[],[],[],[],[],[],[],[],[],[],[],[],[],,
800,12.152466,9458.83,6523.87,6523.87,16760.00,15884.04,16760.00,3261.79,2190.93,33311.27,383.54,2.22,4406.36,322.43,945.22,0.00,2706.79,56958.48,,,23592960.00,0.468750,0.531250,96636764160.00,3807488507904.00,0.972039,2.7961,512,"512,512,512,512,512,512,512,512,512,512,512,512|256,256,256,256,256,256,256,256,256,256,256,256|256,256,256,256,256,256,256,256,256,256,256,256|128,128,128,128,128,128,128,128,128,128,128,128|128,128,128,128,128,128,128,128,128,128,128,128|512,512,512,512,512,512,512,512,512,512,512,512|256,256,256,256,256,256,256,256,256,256,256,256|128,128,128,128,128,128,128,128,128,128,128,128|512,512,512,512,512,512,512,512,512,512,512,512|128,128,128,128,128,128,128,128,128,128,128,128|256,256,256,256,256,256,256,256,256,256,256,256|64,64,64,64,64,64,64,64,64,64,64,64|64,64,64,64,64,64,64,64,64,64,64,64|64,64,64,64,64,64,64,64,64,64,64,64|512,512,512,512,512,512,512,512,512,512,512,512|64,64,64,64,64,64,64,64,64,64,64,64","0.7460,0.7477,0.7478,0.6364,0.7328,0.8085,0.6782,0.8066,0.7076,0.6864,0.6797,0.7596,0.7794,0.7824,0.7855,0.6646,0.6930,0.7040,0.7233,0.7447,0.6844,0.6542,0.7828,0.7763,0.7874,0.7908,0.7868,0.7900,0.7890,0.7913,0.7884,0.7881,0.7910,0.7878,0.7915,0.7872,0.7218,0.7213,0.7217,0.7205,0.7220,0.7206,0.7211,0.7204,0.7212,0.7218,0.7217,0.7220,0.7214,0.7207,0.7216,0.7219,0.7212,0.7220,0.7213,0.7214,0.7220,0.7214,0.7213,0.7211,0.8242,0.8236,0.8235,0.8240,0.8238,0.8235,0.8239,0.8234,0.8233,0.8245,0.8238,0.8240,0.7929,0.7929,0.7928,0.7926,0.7932,0.7929,0.7923,0.7927,0.7932,0.7930,0.7932,0.7929,0.7219,0.7212,0.7215,0.7219,0.7213,0.7219,0.7212,0.7215,0.7215,0.7224,0.7217,0.7219,0.8235,0.8235,0.8241,0.8242,0.8238,0.8242,0.8238,0.8239,0.8239,0.8238,0.8236,0.8239,0.7214,0.7222,0.7215,0.7218,0.7216,0.7209,0.7213,0.7222,0.7218,0.7219,0.7218,0.7213,0.7932,0.7932,0.7935,0.7929,0.7929,0.7921,0.7930,0.7929,0.7932,0.7929,0.7929,0.7924,0.6303,0.6303,0.6311,0.6311,0.6298,0.6296,0.6302,0.6303,0.6309,0.6307,0.6308,0.6311,0.6304,0.6311,0.6315,0.6300,0.6308,0.6307,0.6310,0.6302,0.6311,0.6306,0.6305,0.6311,0.6309,0.6305,0.6308,0.6310,0.6310,0.6307,0.6308,0.6301,0.6307,0.6304,0.6301,0.6295,0.8237,0.8244,0.8241,0.8240,0.8241,0.8238,0.8235,0.8236,0.8241,0.8236,0.8238,0.8238,0.6302,0.6302,0.6307,0.6311,0.6307,0.6302,0.6307,0.6307,0.6307,0.6301,0.6304,0.6309",,240.00,,,,|||||||||||||||,|||||||||||||||,|||||||||||||||,{},{},240.00,0.00,0.25,0.25,0.25,0.25,0.00,"{'512': 0.25, '256': 0.25, '128': 0.25, '64': 0.25}",0.18,0.01,240.00,240.00,240.00,64.00,512.00,4.81,4.25,0.00,0.20,0.00,0.01,4.23,0.00,5.51,272.73,3.67,,,,{'ungrouped_control_update': 1.0},[12],[0.3455674350261688],"[3, 3, 3, 3, 3, 3, 3, 3, 3, 3, 3, 3]","[3, 3, 3, 3, 3, 3, 3, 3, 3, 3, 3, 3]",[],[],[],[],[],[],[],[],[],[],[],[],[],[],[],[],[],[],[],[],[],[],[],[],[],[],[],[],[],[],[],[],[],[],[],[],[],[],[],[],[],[],[],[],"[3, 3, 3, 3, 3, 3, 3, 3, 3, 3, 3, 3]","[3, 3, 3, 3, 3, 3, 3, 3, 3, 3, 3, 3]",[3],[3],0.0,"[[3], [2], [2], [1], [1], [3], [2], [1], [3], [1], [2], [0], [0], [0], [3], [0]]","[[3], [2], [2], [1], [1], [3], [2], [1], [3], [1], [2], [0], [0], [0], [3], [0]]","[0.0, 0.0, 0.0, 0.0, 0.0, 0.0, 0.0, 0.0, 0.0, 0.0, 0.0, 0.0, 0.0, 0.0, 0.0, 0.0]","[[], [], [], [], [], [], [], [], [], [], [], [], [], [], [], []]","[[], [], [], [], [], [], [], [], [], [], [], [], [], [], [], []]","[[], [], [], [], [], [], [], [], [], [], [], [], [], [], [], []]","[[], [], [], [], [], [], [], [], [], [], [], [], [], [], [], []]","[[], [], [], [], [], [], [], [], [], [], [], [], [], [], [], []]","[[], [], [], [], [], [], [], [], [], [], [], [], [], [], [], []]","[[], [], [], [], [], [], [], [], [], [], [], [], [], [], [], []]","[[], [], [], [], [], [], [], [], [], [], [], [], [], [], [], []]","[[], [], [], [], [], [], [], [], [], [], [], [], [], [], [], []]","[[], [], [], [], [], [], [], [], [], [], [], [], [], [], [], []]",[],[],[],[],[],[],[],[],[],[],[],[],[],[],[],[],[],[],[],[],[],[],[],[],[],[],[],[],,
850,12.548100,9492.04,6523.87,6523.87,16760.00,15884.04,16760.00,3261.79,2190.93,33311.27,383.54,2.22,4406.36,322.70,945.40,0.00,2709.20,56958.48,,,23592960.00,0.468750,0.531250,96636764160.00,3807488507904.00,0.972039,2.7961,512,"512,512,512,512,512,512,512,512,512,512,512,512|256,256,256,256,256,256,256,256,256,256,256,256|256,256,256,256,256,256,256,256,256,256,256,256|128,128,128,128,128,128,128,128,128,128,128,128|128,128,128,128,128,128,128,128,128,128,128,128|512,512,512,512,512,512,512,512,512,512,512,512|256,256,256,256,256,256,256,256,256,256,256,256|128,128,128,128,128,128,128,128,128,128,128,128|512,512,512,512,512,512,512,512,512,512,512,512|128,128,128,128,128,128,128,128,128,128,128,128|256,256,256,256,256,256,256,256,256,256,256,256|64,64,64,64,64,64,64,64,64,64,64,64|64,64,64,64,64,64,64,64,64,64,64,64|64,64,64,64,64,64,64,64,64,64,64,64|512,512,512,512,512,512,512,512,512,512,512,512|64,64,64,64,64,64,64,64,64,64,64,64","0.7475,0.7451,0.7443,0.6335,0.7293,0.8063,0.6789,0.8053,0.7081,0.6949,0.6773,0.7579,0.7784,0.7821,0.7843,0.6775,0.7136,0.7032,0.7243,0.7461,0.6670,0.6256,0.7821,0.7751,0.7871,0.7908,0.7862,0.7905,0.7880,0.7916,0.7880,0.7887,0.7904,0.7875,0.7900,0.7876,0.7212,0.7214,0.7218,0.7207,0.7211,0.7208,0.7214,0.7210,0.7215,0.7208,0.7210,0.7213,0.7214,0.7218,0.7213,0.7218,0.7215,0.7216,0.7215,0.7214,0.7213,0.7212,0.7218,0.7212,0.8239,0.8238,0.8239,0.8239,0.8237,0.8238,0.8241,0.8238,0.8235,0.8242,0.8241,0.8241,0.7932,0.7926,0.7924,0.7926,0.7932,0.7927,0.7926,0.7923,0.7935,0.7932,0.7924,0.7927,0.7213,0.7215,0.7215,0.7212,0.7214,0.7216,0.7214,0.7220,0.7212,0.7217,0.7213,0.7213,0.8237,0.8241,0.8239,0.8244,0.8242,0.8235,0.8236,0.8235,0.8237,0.8240,0.8242,0.8236,0.7222,0.7219,0.7213,0.7214,0.7223,0.7217,0.7210,0.7221,0.7224,0.7225,0.7218,0.7215,0.7931,0.7924,0.7922,0.7936,0.7929,0.7929,0.7928,0.7929,0.7933,0.7927,0.7933,0.7934,0.6312,0.6301,0.6294,0.6311,0.6304,0.6316,0.6307,0.6306,0.6308,0.6304,0.6307,0.6307,0.6302,0.6302,0.6303,0.6317,0.6302,0.6310,0.6299,0.6304,0.6303,0.6305,0.6308,0.6316,0.6305,0.6304,0.6304,0.6310,0.6300,0.6298,0.6305,0.6300,0.6311,0.6300,0.6303,0.6309,0.8238,0.8234,0.8241,0.8244,0.8240,0.8244,0.8248,0.8241,0.8244,0.8240,0.8239,0.8243,0.6309,0.6299,0.6298,0.6308,0.6299,0.6311,0.6301,0.6308,0.6309,0.6311,0.6305,0.6303",,240.00,,,,|||||||||||||||,|||||||||||||||,|||||||||||||||,{},{},240.00,0.00,0.25,0.25,0.25,0.25,0.00,"{'512': 0.25, '256': 0.25, '128': 0.25, '64': 0.25}",0.17,0.01,240.00,240.00,240.00,64.00,512.00,4.79,4.25,0.00,0.20,0.00,0.01,4.22,0.00,5.48,271.18,3.67,,,,{'ungrouped_control_update': 1.0},[12],[0.3432271480560303],"[3, 3, 3, 3, 3, 3, 3, 3, 3, 3, 3, 3]","[3, 3, 3, 3, 3, 3, 3, 3, 3, 3, 3, 3]",[],[],[],[],[],[],[],[],[],[],[],[],[],[],[],[],[],[],[],[],[],[],[],[],[],[],[],[],[],[],[],[],[],[],[],[],[],[],[],[],[],[],[],[],"[3, 3, 3, 3, 3, 3, 3, 3, 3, 3, 3, 3]","[3, 3, 3, 3, 3, 3, 3, 3, 3, 3, 3, 3]",[3],[3],0.0,"[[3], [2], [2], [1], [1], [3], [2], [1], [3], [1], [2], [0], [0], [0], [3], [0]]","[[3], [2], [2], [1], [1], [3], [2], [1], [3], [1], [2], [0], [0], [0], [3], [0]]","[0.0, 0.0, 0.0, 0.0, 0.0, 0.0, 0.0, 0.0, 0.0, 0.0, 0.0, 0.0, 0.0, 0.0, 0.0, 0.0]","[[], [], [], [], [], [], [], [], [], [], [], [], [], [], [], []]","[[], [], [], [], [], [], [], [], [], [], [], [], [], [], [], []]","[[], [], [], [], [], [], [], [], [], [], [], [], [], [], [], []]","[[], [], [], [], [], [], [], [], [], [], [], [], [], [], [], []]","[[], [], [], [], [], [], [], [], [], [], [], [], [], [], [], []]","[[], [], [], [], [], [], [], [], [], [], [], [], [], [], [], []]","[[], [], [], [], [], [], [], [], [], [], [], [], [], [], [], []]","[[], [], [], [], [], [], [], [], [], [], [], [], [], [], [], []]","[[], [], [], [], [], [], [], [], [], [], [], [], [], [], [], []]","[[], [], [], [], [], [], [], [], [], [], [], [], [], [], [], []]",[],[],[],[],[],[],[],[],[],[],[],[],[],[],[],[],[],[],[],[],[],[],[],[],[],[],[],[],,
900,12.159825,9428.54,6523.87,6523.87,16760.00,15884.04,16760.00,3261.79,2190.93,33311.27,383.54,2.22,4406.36,322.88,945.51,0.00,2713.26,56958.48,,,23592960.00,0.468750,0.531250,96636764160.00,3807488507904.00,0.972039,2.7961,512,"512,512,512,512,512,512,512,512,512,512,512,512|256,256,256,256,256,256,256,256,256,256,256,256|256,256,256,256,256,256,256,256,256,256,256,256|128,128,128,128,128,128,128,128,128,128,128,128|128,128,128,128,128,128,128,128,128,128,128,128|512,512,512,512,512,512,512,512,512,512,512,512|256,256,256,256,256,256,256,256,256,256,256,256|128,128,128,128,128,128,128,128,128,128,128,128|512,512,512,512,512,512,512,512,512,512,512,512|128,128,128,128,128,128,128,128,128,128,128,128|256,256,256,256,256,256,256,256,256,256,256,256|64,64,64,64,64,64,64,64,64,64,64,64|64,64,64,64,64,64,64,64,64,64,64,64|64,64,64,64,64,64,64,64,64,64,64,64|512,512,512,512,512,512,512,512,512,512,512,512|64,64,64,64,64,64,64,64,64,64,64,64","0.7448,0.7450,0.7485,0.6404,0.7345,0.8074,0.6824,0.8050,0.7109,0.6907,0.6795,0.7614,0.7776,0.7820,0.7844,0.6589,0.7014,0.6842,0.7181,0.7398,0.6694,0.6081,0.7821,0.7734,0.7864,0.7902,0.7864,0.7907,0.7879,0.7916,0.7883,0.7884,0.7905,0.7874,0.7904,0.7882,0.7215,0.7215,0.7215,0.7208,0.7215,0.7214,0.7212,0.7209,0.7214,0.7216,0.7210,0.7211,0.7219,0.7214,0.7213,0.7214,0.7217,0.7214,0.7210,0.7221,0.7209,0.7218,0.7216,0.7219,0.8239,0.8237,0.8242,0.8235,0.8236,0.8240,0.8231,0.8241,0.8242,0.8233,0.8239,0.8238,0.7927,0.7926,0.7925,0.7923,0.7933,0.7930,0.7930,0.7923,0.7937,0.7929,0.7925,0.7931,0.7215,0.7219,0.7220,0.7217,0.7220,0.7218,0.7227,0.7211,0.7222,0.7213,0.7214,0.7211,0.8241,0.8237,0.8238,0.8239,0.8243,0.8239,0.8242,0.8244,0.8236,0.8240,0.8243,0.8243,0.7213,0.7209,0.7216,0.7224,0.7215,0.7213,0.7222,0.7225,0.7213,0.7216,0.7217,0.7218,0.7933,0.7930,0.7929,0.7928,0.7924,0.7931,0.7934,0.7932,0.7933,0.7932,0.7929,0.7929,0.6310,0.6310,0.6306,0.6313,0.6306,0.6306,0.6300,0.6302,0.6309,0.6304,0.6309,0.6307,0.6300,0.6304,0.6303,0.6297,0.6313,0.6308,0.6308,0.6306,0.6307,0.6312,0.6307,0.6310,0.6304,0.6307,0.6300,0.6304,0.6308,0.6302,0.6308,0.6309,0.6305,0.6304,0.6306,0.6305,0.8236,0.8241,0.8240,0.8245,0.8238,0.8242,0.8244,0.8242,0.8242,0.8238,0.8236,0.8244,0.6302,0.6305,0.6306,0.6300,0.6309,0.6309,0.6302,0.6308,0.6309,0.6311,0.6303,0.6302",,240.00,,,,|||||||||||||||,|||||||||||||||,|||||||||||||||,{},{},240.00,0.00,0.25,0.25,0.25,0.25,0.00,"{'512': 0.25, '256': 0.25, '128': 0.25, '64': 0.25}",0.17,0.01,240.00,240.00,240.00,64.00,512.00,4.81,4.22,0.00,0.22,0.00,0.01,4.25,0.00,5.53,274.69,3.67,,,,{'ungrouped_control_update': 1.0},[12],[0.3474060595035553],"[3, 3, 3, 3, 3, 3, 3, 3, 3, 3, 3, 3]","[3, 3, 3, 3, 3, 3, 3, 3, 3, 3, 3, 3]",[],[],[],[],[],[],[],[],[],[],[],[],[],[],[],[],[],[],[],[],[],[],[],[],[],[],[],[],[],[],[],[],[],[],[],[],[],[],[],[],[],[],[],[],"[3, 3, 3, 3, 3, 3, 3, 3, 3, 3, 3, 3]","[3, 3, 3, 3, 3, 3, 3, 3, 3, 3, 3, 3]",[3],[3],0.0,"[[3], [2], [2], [1], [1], [3], [2], [1], [3], [1], [2], [0], [0], [0], [3], [0]]","[[3], [2], [2], [1], [1], [3], [2], [1], [3], [1], [2], [0], [0], [0], [3], [0]]","[0.0, 0.0, 0.0, 0.0, 0.0, 0.0, 0.0, 0.0, 0.0, 0.0, 0.0, 0.0, 0.0, 0.0, 0.0, 0.0]","[[], [], [], [], [], [], [], [], [], [], [], [], [], [], [], []]","[[], [], [], [], [], [], [], [], [], [], [], [], [], [], [], []]","[[], [], [], [], [], [], [], [], [], [], [], [], [], [], [], []]","[[], [], [], [], [], [], [], [], [], [], [], [], [], [], [], []]","[[], [], [], [], [], [], [], [], [], [], [], [], [], [], [], []]","[[], [], [], [], [], [], [], [], [], [], [], [], [], [], [], []]","[[], [], [], [], [], [], [], [], [], [], [], [], [], [], [], []]","[[], [], [], [], [], [], [], [], [], [], [], [], [], [], [], []]","[[], [], [], [], [], [], [], [], [], [], [], [], [], [], [], []]","[[], [], [], [], [], [], [], [], [], [], [], [], [], [], [], []]",[],[],[],[],[],[],[],[],[],[],[],[],[],[],[],[],[],[],[],[],[],[],[],[],[],[],[],[],,
950,12.295317,9473.99,6523.87,6523.87,16760.00,15884.04,16760.00,3261.79,2190.93,33311.27,383.54,2.22,4406.36,323.11,945.67,0.00,2713.16,56958.48,,,23592960.00,0.468750,0.531250,96636764160.00,3807488507904.00,0.972039,2.7961,512,"512,512,512,512,512,512,512,512,512,512,512,512|256,256,256,256,256,256,256,256,256,256,256,256|256,256,256,256,256,256,256,256,256,256,256,256|128,128,128,128,128,128,128,128,128,128,128,128|128,128,128,128,128,128,128,128,128,128,128,128|512,512,512,512,512,512,512,512,512,512,512,512|256,256,256,256,256,256,256,256,256,256,256,256|128,128,128,128,128,128,128,128,128,128,128,128|512,512,512,512,512,512,512,512,512,512,512,512|128,128,128,128,128,128,128,128,128,128,128,128|256,256,256,256,256,256,256,256,256,256,256,256|64,64,64,64,64,64,64,64,64,64,64,64|64,64,64,64,64,64,64,64,64,64,64,64|64,64,64,64,64,64,64,64,64,64,64,64|512,512,512,512,512,512,512,512,512,512,512,512|64,64,64,64,64,64,64,64,64,64,64,64","0.7445,0.7450,0.7444,0.6393,0.7259,0.8074,0.6793,0.8058,0.7005,0.6869,0.6744,0.7631,0.7788,0.7813,0.7840,0.6797,0.7121,0.7155,0.7305,0.7544,0.6688,0.6129,0.7822,0.7779,0.7871,0.7906,0.7868,0.7905,0.7886,0.7916,0.7892,0.7891,0.7911,0.7884,0.7909,0.7875,0.7219,0.7212,0.7215,0.7207,0.7216,0.7206,0.7214,0.7211,0.7213,0.7215,0.7214,0.7213,0.7215,0.7209,0.7212,0.7218,0.7210,0.7217,0.7215,0.7215,0.7214,0.7214,0.7213,0.7221,0.8237,0.8239,0.8239,0.8238,0.8245,0.8237,0.8238,0.8237,0.8248,0.8245,0.8239,0.8238,0.7923,0.7932,0.7929,0.7929,0.7927,0.7933,0.7925,0.7922,0.7928,0.7923,0.7928,0.7929,0.7223,0.7222,0.7214,0.7222,0.7215,0.7213,0.7224,0.7220,0.7218,0.7221,0.7226,0.7211,0.8234,0.8236,0.8244,0.8237,0.8237,0.8234,0.8238,0.8244,0.8239,0.8243,0.8240,0.8240,0.7212,0.7221,0.7218,0.7218,0.7214,0.7221,0.7218,0.7217,0.7218,0.7214,0.7215,0.7217,0.7936,0.7929,0.7934,0.7930,0.7928,0.7926,0.7933,0.7934,0.7930,0.7929,0.7926,0.7926,0.6305,0.6306,0.6317,0.6307,0.6306,0.6310,0.6312,0.6309,0.6302,0.6306,0.6306,0.6310,0.6302,0.6301,0.6312,0.6311,0.6302,0.6312,0.6304,0.6312,0.6312,0.6301,0.6305,0.6311,0.6294,0.6305,0.6306,0.6304,0.6309,0.6309,0.6308,0.6309,0.6310,0.6308,0.6312,0.6302,0.8238,0.8234,0.8237,0.8235,0.8243,0.8238,0.8241,0.8235,0.8235,0.8241,0.8239,0.8242,0.6309,0.6295,0.6304,0.6304,0.6308,0.6310,0.6306,0.6307,0.6314,0.6307,0.6310,0.6303",,240.00,,,,|||||||||||||||,|||||||||||||||,|||||||||||||||,{},{},240.00,0.00,0.25,0.25,0.25,0.25,0.00,"{'512': 0.25, '256': 0.25, '128': 0.25, '64': 0.25}",0.16,0.01,240.00,240.00,240.00,64.00,512.00,4.83,4.28,0.00,0.20,0.00,0.01,4.24,0.00,5.53,273.47,3.67,,,,{'ungrouped_control_update': 1.0},[12],[0.35393026471138],"[3, 3, 3, 3, 3, 3, 3, 3, 3, 3, 3, 3]","[3, 3, 3, 3, 3, 3, 3, 3, 3, 3, 3, 3]",[],[],[],[],[],[],[],[],[],[],[],[],[],[],[],[],[],[],[],[],[],[],[],[],[],[],[],[],[],[],[],[],[],[],[],[],[],[],[],[],[],[],[],[],"[3, 3, 3, 3, 3, 3, 3, 3, 3, 3, 3, 3]","[3, 3, 3, 3, 3, 3, 3, 3, 3, 3, 3, 3]",[3],[3],0.0,"[[3], [2], [2], [1], [1], [3], [2], [1], [3], [1], [2], [0], [0], [0], [3], [0]]","[[3], [2], [2], [1], [1], [3], [2], [1], [3], [1], [2], [0], [0], [0], [3], [0]]","[0.0, 0.0, 0.0, 0.0, 0.0, 0.0, 0.0, 0.0, 0.0, 0.0, 0.0, 0.0, 0.0, 0.0, 0.0, 0.0]","[[], [], [], [], [], [], [], [], [], [], [], [], [], [], [], []]","[[], [], [], [], [], [], [], [], [], [], [], [], [], [], [], []]","[[], [], [], [], [], [], [], [], [], [], [], [], [], [], [], []]","[[], [], [], [], [], [], [], [], [], [], [], [], [], [], [], []]","[[], [], [], [], [], [], [], [], [], [], [], [], [], [], [], []]","[[], [], [], [], [], [], [], [], [], [], [], [], [], [], [], []]","[[], [], [], [], [], [], [], [], [], [], [], [], [], [], [], []]","[[], [], [], [], [], [], [], [], [], [], [], [], [], [], [], []]","[[], [], [], [], [], [], [], [], [], [], [], [], [], [], [], []]","[[], [], [], [], [], [], [], [], [], [], [], [], [], [], [], []]",[],[],[],[],[],[],[],[],[],[],[],[],[],[],[],[],[],[],[],[],[],[],[],[],[],[],[],[],,
1000,13.734303,9496.40,6523.87,6523.87,16760.00,15884.04,16760.00,3261.79,2190.94,33311.27,383.54,2.22,4406.36,323.24,945.76,0.00,2711.00,56958.48,,,23592960.00,0.468750,0.531250,96636764160.00,3807488507904.00,0.972039,2.7961,512,"512,512,512,512,512,512,512,512,512,512,512,512|256,256,256,256,256,256,256,256,256,256,256,256|256,256,256,256,256,256,256,256,256,256,256,256|128,128,128,128,128,128,128,128,128,128,128,128|128,128,128,128,128,128,128,128,128,128,128,128|512,512,512,512,512,512,512,512,512,512,512,512|256,256,256,256,256,256,256,256,256,256,256,256|128,128,128,128,128,128,128,128,128,128,128,128|512,512,512,512,512,512,512,512,512,512,512,512|128,128,128,128,128,128,128,128,128,128,128,128|256,256,256,256,256,256,256,256,256,256,256,256|64,64,64,64,64,64,64,64,64,64,64,64|64,64,64,64,64,64,64,64,64,64,64,64|64,64,64,64,64,64,64,64,64,64,64,64|512,512,512,512,512,512,512,512,512,512,512,512|64,64,64,64,64,64,64,64,64,64,64,64","0.7469,0.7476,0.7510,0.6509,0.7383,0.8078,0.6862,0.8065,0.7132,0.6921,0.6850,0.7594,0.7788,0.7812,0.7847,0.6778,0.7169,0.7096,0.7342,0.7470,0.6785,0.6113,0.7822,0.7759,0.7873,0.7906,0.7868,0.7906,0.7889,0.7921,0.7885,0.7890,0.7905,0.7875,0.7914,0.7879,0.7209,0.7215,0.7214,0.7216,0.7211,0.7212,0.7214,0.7210,0.7206,0.7213,0.7215,0.7214,0.7225,0.7218,0.7212,0.7218,0.7210,0.7217,0.7221,0.7217,0.7220,0.7214,0.7219,0.7219,0.8245,0.8237,0.8240,0.8242,0.8242,0.8239,0.8240,0.8244,0.8234,0.8239,0.8240,0.8242,0.7929,0.7923,0.7934,0.7924,0.7930,0.7930,0.7925,0.7931,0.7929,0.7933,0.7927,0.7930,0.7217,0.7217,0.7219,0.7219,0.7215,0.7215,0.7215,0.7218,0.7212,0.7218,0.7216,0.7218,0.8234,0.8239,0.8239,0.8242,0.8240,0.8241,0.8239,0.8245,0.8238,0.8238,0.8241,0.8236,0.7217,0.7214,0.7211,0.7219,0.7214,0.7216,0.7212,0.7213,0.7224,0.7226,0.7217,0.7211,0.7930,0.7928,0.7929,0.7933,0.7932,0.7927,0.7932,0.7935,0.7929,0.7924,0.7936,0.7930,0.6305,0.6301,0.6308,0.6304,0.6310,0.6312,0.6312,0.6304,0.6313,0.6302,0.6303,0.6307,0.6304,0.6309,0.6312,0.6314,0.6299,0.6312,0.6301,0.6299,0.6303,0.6303,0.6298,0.6313,0.6306,0.6293,0.6306,0.6304,0.6313,0.6302,0.6304,0.6300,0.6304,0.6298,0.6301,0.6307,0.8241,0.8241,0.8239,0.8244,0.8236,0.8236,0.8245,0.8239,0.8241,0.8236,0.8240,0.8239,0.6302,0.6311,0.6301,0.6305,0.6299,0.6305,0.6304,0.6303,0.6301,0.6309,0.6312,0.6313",,240.00,,,,|||||||||||||||,|||||||||||||||,|||||||||||||||,{},{},240.00,0.00,0.25,0.25,0.25,0.25,0.00,"{'512': 0.25, '256': 0.25, '128': 0.25, '64': 0.25}",0.16,0.01,240.00,240.00,240.00,64.00,512.00,4.81,4.24,0.00,0.21,0.00,0.01,4.22,0.00,5.52,272.55,3.67,,,,{'ungrouped_control_update': 1.0},[12],[0.34425315260887146],"[3, 3, 3, 3, 3, 3, 3, 3, 3, 3, 3, 3]","[3, 3, 3, 3, 3, 3, 3, 3, 3, 3, 3, 3]",[],[],[],[],[],[],[],[],[],[],[],[],[],[],[],[],[],[],[],[],[],[],[],[],[],[],[],[],[],[],[],[],[],[],[],[],[],[],[],[],[],[],[],[],"[3, 3, 3, 3, 3, 3, 3, 3, 3, 3, 3, 3]","[3, 3, 3, 3, 3, 3, 3, 3, 3, 3, 3, 3]",[3],[3],0.0,"[[3], [2], [2], [1], [1], [3], [2], [1], [3], [1], [2], [0], [0], [0], [3], [0]]","[[3], [2], [2], [1], [1], [3], [2], [1], [3], [1], [2], [0], [0], [0], [3], [0]]","[0.0, 0.0, 0.0, 0.0, 0.0, 0.0, 0.0, 0.0, 0.0, 0.0, 0.0, 0.0, 0.0, 0.0, 0.0, 0.0]","[[], [], [], [], [], [], [], [], [], [], [], [], [], [], [], []]","[[], [], [], [], [], [], [], [], [], [], [], [], [], [], [], []]","[[], [], [], [], [], [], [], [], [], [], [], [], [], [], [], []]","[[], [], [], [], [], [], [], [], [], [], [], [], [], [], [], []]","[[], [], [], [], [], [], [], [], [], [], [], [], [], [], [], []]","[[], [], [], [], [], [], [], [], [], [], [], [], [], [], [], []]","[[], [], [], [], [], [], [], [], [], [], [], [], [], [], [], []]","[[], [], [], [], [], [], [], [], [], [], [], [], [], [], [], []]","[[], [], [], [], [], [], [], [], [], [], [], [], [], [], [], []]","[[], [], [], [], [], [], [], [], [], [], [], [], [], [], [], []]",[],[],[],[],[],[],[],[],[],[],[],[],[],[],[],[],[],[],[],[],[],[],[],[],[],[],[],[],,
1000,,,,,,,,,,,,,,,,,,,10.307538,29957.5812,,,,,,,,,,,,,,,,,,,,,,,,,,,,,,,,,,,,,,,,,,,,,,3.73,12.000000,12.000000,12.000000,,,,,,,,,,,,,,,,,,,,,,,,,,,,,,,,,,,,,,,,,,,,,,,,,,,,,,,,,,,,,,,,,,,,,,,,,,,,,,,,,,,,,,,,,,,,,,,,,
